Workbook

Sheet TimberFasteners
A1: Type | B1: Producer | C1: Product | D1: Detailinformation | E1: Highest service class | F1: d | G1: l | H1: dh | I1: My,Rk [Nm] | J1: faxk[N/mm^2] | K1: fhead,k[N/mm^2] | L1: ftens,k[kN] | M1: l1 | N1: l3 | O1: f_uk | P1: Bmax
A2: Nail | B2: STRONGTIE | C2: FIRK | D2: Skarpkantspiker | E2: 3 | F2: 2 | G2: 50 | H2: 5 | I2: ='Strongtie Nails'!J2 -> 1.289 | J2: ='Strongtie Nails'!K2 -> 2.5 | K2: ='Strongtie Nails'!L2 -> 8.6 | L2: ='Strongtie Nails'!M2 -> 0
A3: Nail | B3: STRONGTIE | C3: FIRKS | D3: Skarpkantspiker | E3: 3 | F3: 2.3 | G3: 60 | H3: 5.4 | I3: ='Strongtie Nails'!J4 -> 2.566 | J3: ='Strongtie Nails'!K4 -> 2.5 | K3: ='Strongtie Nails'!L4 -> 8.6 | L3: ='Strongtie Nails'!M4 -> 0
A4: Nail | B4: STRONGTIE | C4: FIRKS | D4: Skarpkantspiker | E4: 3 | F4: 2.8 | G4: 75 | H4: 6.4 | I4: ='Strongtie Nails'!J5 -> 4.144 | J4: ='Strongtie Nails'!K5 -> 2.5 | K4: ='Strongtie Nails'!L5 -> 8.6 | L4: ='Strongtie Nails'!M5 -> 0
A5: Nail | B5: STRONGTIE | C5: FIRKSQG | D5: Firkantspiker | E5: 3 | F5: 2.5 | G5: 65 | H5: 6 | I5: ='Strongtie Nails'!J13 -> 3.3 | J5: ='Strongtie Nails'!K13 -> 2.5 | K5: ='Strongtie Nails'!L13 -> 8.6 | L5: ='Strongtie Nails'!M13 -> 0
A6: Nail | B6: STRONGTIE | C6: FIRKSQG | D6: Firkantspiker | E6: 3 | F6: 2.8 | G6: 65 | H6: 6.8 | I6: ='Strongtie Nails'!J14 -> 4.3 | J6: ='Strongtie Nails'!K14 -> 2.5 | K6: ='Strongtie Nails'!L14 -> 8.6 | L6: ='Strongtie Nails'!M14 -> 0
A7: Nail | B7: STRONGTIE | C7: FIRKSQG | D7: Firkantspiker | E7: 3 | F7: 2.8 | G7: 75 | H7: 6.8 | I7: ='Strongtie Nails'!J15 -> 4.3 | J7: ='Strongtie Nails'!K15 -> 2.5 | K7: ='Strongtie Nails'!L15 -> 8.6 | L7: ='Strongtie Nails'!M15 -> 0
A8: Nail | B8: STRONGTIE | C8: FIRKSQG | D8: Firkantspiker | E8: 3 | F8: 2.8 | G8: 90 | H8: 6.8 | I8: ='Strongtie Nails'!J16 -> 4.3 | J8: ='Strongtie Nails'!K16 -> 2.5 | K8: ='Strongtie Nails'!L16 -> 8.6 | L8: ='Strongtie Nails'!M16 -> 0
A9: Nail | B9: STRONGTIE | C9: FIRKSQG | D9: Firkantspiker | E9: 3 | F9: 3.4 | G9: 95 | H9: 7.6 | I9: ='Strongtie Nails'!J17 -> 7 | J9: ='Strongtie Nails'!K17 -> 2.5 | K9: ='Strongtie Nails'!L17 -> 8.6 | L9: ='Strongtie Nails'!M17 -> 0
A10: Nail | B10: STRONGTIE | C10: FIRKSQG | D10: Firkantspiker | E10: 3 | F10: 3.8 | G10: 125 | H10: 8 | I10: ='Strongtie Nails'!J18 -> 13.7 | J10: ='Strongtie Nails'!K18 -> 2.5 | K10: ='Strongtie Nails'!L18 -> 8.6 | L10: ='Strongtie Nails'!M18 -> 0
A11: Nail | B11: STRONGTIE | C11: FIRKSQG | D11: Firkantspiker | E11: 3 | F11: 4.2 | G11: 125 | H11: 8.7 | I11: ='Strongtie Nails'!J19 -> 15.1 | J11: ='Strongtie Nails'!K19 -> 2.5 | K11: ='Strongtie Nails'!L19 -> 8.6 | L11: ='Strongtie Nails'!M19 -> 0
A12: Nail | B12: STRONGTIE | C12: FIRKSQG | D12: Firkantspiker | E12: 3 | F12: 4.8 | G12: 150 | H12: 10 | I12: ='Strongtie Nails'!J20 -> 29.3 | J12: ='Strongtie Nails'!K20 -> 2.5 | K12: ='Strongtie Nails'!L20 -> 8.6 | L12: ='Strongtie Nails'!M20 -> 0
A13: Nail | B13: STRONGTIE | C13: FIRKSQG | D13: Firkantspiker | E13: 3 | F13: 5.5 | G13: 175 | H13: 11.5 | I13: ='Strongtie Nails'!J21 -> 34 | J13: ='Strongtie Nails'!K21 -> 2.5 | K13: ='Strongtie Nails'!L21 -> 8.6 | L13: ='Strongtie Nails'!M21 -> 0
A14: Nail | B14: STRONGTIE | C14: FIRKSQG | D14: Firkantspiker | E14: 3 | F14: 6 | G14: 190 | H14: 13 | I14: ='Strongtie Nails'!J22 -> 35.1 | J14: ='Strongtie Nails'!K22 -> 2.5 | K14: ='Strongtie Nails'!L22 -> 8.6 | L14: ='Strongtie Nails'!M22 -> 0
A15: Nail | B15: STRONGTIE | C15: FIRKSQU | D15: Firkantspiker | E15: 1 | F15: 2.5 | G15: 65 | H15: 6 | I15: ='Strongtie Nails'!J25 -> 3.3 | J15: ='Strongtie Nails'!K25 -> 2.5 | K15: ='Strongtie Nails'!L25 -> 8.6 | L15: ='Strongtie Nails'!M25 -> 0
A16: Nail | B16: STRONGTIE | C16: FIRKSQU | D16: Firkantspiker | E16: 1 | F16: 2.8 | G16: 75 | H16: 6.8 | I16: ='Strongtie Nails'!J26 -> 4.3 | J16: ='Strongtie Nails'!K26 -> 2.5 | K16: ='Strongtie Nails'!L26 -> 8.6 | L16: ='Strongtie Nails'!M26 -> 0
A17: Nail | B17: STRONGTIE | C17: FIRKSQU | D17: Firkantspiker | E17: 1 | F17: 3.4 | G17: 95 | H17: 7.6 | I17: ='Strongtie Nails'!J27 -> 7 | J17: ='Strongtie Nails'!K27 -> 2.5 | K17: ='Strongtie Nails'!L27 -> 8.6 | L17: ='Strongtie Nails'!M27 -> 0
A18: Nail | B18: STRONGTIE | C18: BASN | D18: Stavspiker | E18: 3 | F18: 2.8 | G18: 49.5 | H18: 6.6 | I18: ='Strongtie Nails'!J37 -> 2.6 | J18: ='Strongtie Nails'!K37 -> 4.9 | K18: ='Strongtie Nails'!L37 -> 22.6 | L18: ='Strongtie Nails'!M37 -> 4
A19: Nail | B19: STRONGTIE | C19: BASN | D19: Stavspiker | E19: 3 | F19: 2.8 | G19: 54.5 | H19: 6.6 | I19: ='Strongtie Nails'!J38 -> 2.6 | J19: ='Strongtie Nails'!K38 -> 4.9 | K19: ='Strongtie Nails'!L38 -> 22.6 | L19: ='Strongtie Nails'!M38 -> 4
A20: Nail | B20: STRONGTIE | C20: BASN | D20: Stavspiker | E20: 3 | F20: 2.8 | G20: 63.5 | H20: 6.6 | I20: ='Strongtie Nails'!J39 -> 2.6 | J20: ='Strongtie Nails'!K39 -> 4.9 | K20: ='Strongtie Nails'!L39 -> 22.6 | L20: ='Strongtie Nails'!M39 -> 4
A21: Nail | B21: STRONGTIE | C21: BASN | D21: Stavspiker | E21: 3 | F21: 2.8 | G21: 73.5 | H21: 6.6 | I21: ='Strongtie Nails'!J40 -> 2.6 | J21: ='Strongtie Nails'!K40 -> 4.9 | K21: ='Strongtie Nails'!L40 -> 22.6 | L21: ='Strongtie Nails'!M40 -> 4
A22: Nail | B22: STRONGTIE | C22: BASN | D22: Stavspiker | E22: 3 | F22: 3 | G22: 88 | H22: 6.6 | I22: ='Strongtie Nails'!J41 -> 3.9 | J22: ='Strongtie Nails'!K41 -> 5.4 | K22: ='Strongtie Nails'!L41 -> 20.9 | L22: ='Strongtie Nails'!M41 -> 4.8
A23: Nail | B23: STRONGTIE | C23: FIRKD | D23: Stavspiker | E23: 3 | F23: 2.8 | G23: 64 | H23: 11.5 | I23: ='Strongtie Nails'!J42 -> 3.7 | J23: ='Strongtie Nails'!K42 -> 2.5 | K23: ='Strongtie Nails'!L42 -> 20.5 | L23: ='Strongtie Nails'!M42 -> 0
A24: Nail | B24: STRONGTIE | C24: FIRKD | D24: Stavspiker | E24: 3 | F24: 2.8 | G24: 73 | H24: 11.5 | I24: ='Strongtie Nails'!J43 -> 3.7 | J24: ='Strongtie Nails'!K43 -> 2.5 | K24: ='Strongtie Nails'!L43 -> 20.5 | L24: ='Strongtie Nails'!M43 -> 0
A25: Nail | B25: STRONGTIE | C25: FIRKD | D25: Stavspiker | E25: 3 | F25: 2.8 | G25: 87 | H25: 11.5 | I25: ='Strongtie Nails'!J44 -> 3.7 | J25: ='Strongtie Nails'!K44 -> 2.5 | K25: ='Strongtie Nails'!L44 -> 20.5 | L25: ='Strongtie Nails'!M44 -> 0
A26: Nail | B26: STRONGTIE | C26: RSN | D26: Stavspiker | E26: 1 | F26: 2.8 | G26: 63.5 | H26: 6.2 | I26: ='Strongtie Nails'!J45 -> 3.2 | J26: ='Strongtie Nails'!K45 -> 8.9 | K26: ='Strongtie Nails'!L45 -> 29.4 | L26: ='Strongtie Nails'!M45 -> 3.4
A27: Nail | B27: STRONGTIE | C27: RSN | D27: Stavspiker | E27: 1 | F27: 2.8 | G27: 73.5 | H27: 6.9 | I27: ='Strongtie Nails'!J46 -> 3.2 | J27: ='Strongtie Nails'!K46 -> 8.9 | K27: ='Strongtie Nails'!L46 -> 29.4 | L27: ='Strongtie Nails'!M46 -> 3.4
A28: Nail | B28: STRONGTIE | C28: RSN | D28: Stavspiker | E28: 1 | F28: 3.1 | G28: 88 | H28: 6.9 | I28: ='Strongtie Nails'!J47 -> 4.6 | J28: ='Strongtie Nails'!K47 -> 8.3 | K28: ='Strongtie Nails'!L47 -> 18.1 | L28: ='Strongtie Nails'!M47 -> 3.8
A29: Nail | B29: STRONGTIE | C29: RSN | D29: Stavspiker | E29: 1 | F29: 3.1 | G29: 64.5 | H29: 6.9 | I29: ='Strongtie Nails'!J48 -> 4.6 | J29: ='Strongtie Nails'!K48 -> 8.3 | K29: ='Strongtie Nails'!L48 -> 18.1 | L29: ='Strongtie Nails'!M48 -> 3.8
... A39: Nail | B39: STRONGTIE | C39: RSNC | D39: Coilspiker | E39: 1 | F39: 3.1 | G39: 64.5 | H39: 6.9 | I39: ='Strongtie Nails'!J58 -> 4.6 | J39: ='Strongtie Nails'!K58 -> 8.3 | K39: ='Strongtie Nails'!L58 -> 18.1 | L39: ='Strongtie Nails'!M58 -> 3.8
A40: Screw | B40: STRONGTIE | C40: SDWS | D40: Konstruksjonsskrue, utvendig | E40: 3 | F40: 8 | G40: 75 | H40: 19.4 | I40: 17.4 | J40: 13.2 | K40: 21.4 | L40: 21.4 | M40: 37
A41: Screw | B41: STRONGTIE | C41: SDWS | D41: Konstruksjonsskrue, utvendig | E41: 3 | F41: 8 | G41: 100 | H41: 19.4 | I41: 17.4 | J41: 13.2 | K41: 21.4 | L41: 21.4 | M41: 59
A42: Screw | B42: STRONGTIE | C42: SDWS | D42: Konstruksjonsskrue, utvendig | E42: 3 | F42: 8 | G42: 126 | H42: 19.4 | I42: 17.4 | J42: 13.2 | K42: 21.4 | L42: 21.4 | M42: 69
A43: Screw | B43: STRONGTIE | C43: SDWS | D43: Konstruksjonsskrue, utvendig | E43: 3 | F43: 8 | G43: 151 | H43: 19.4 | I43: 17.4 | J43: 13.2 | K43: 21.4 | L43: 21.4 | M43: 69
A44: Screw | B44: STRONGTIE | C44: SDWS | D44: Konstruksjonsskrue, utvendig | E44: 3 | F44: 8 | G44: 202 | H44: 19.4 | I44: 17.4 | J44: 13.2 | K44: 21.4 | L44: 21.4 | M44: 69
A45: Screw | B45: STRONGTIE | C45: SDWS | D45: Konstruksjonsskrue, utvendig | E45: 3 | F45: 8 | G45: 252 | H45: 19.4 | I45: 17.4 | J45: 13.2 | K45: 21.4 | L45: 21.4 | M45: 69
A46: Screw | B46: STRONGTIE | C46: SWD | D46: Nordisk treskrue, dobbeltgjenget | E46: 2 | F46: 6.5 | G46: 65 | H46: 8 | I46: 14.5 | J46: 13 | K46: 29.4 | L46: 14.3 | M46: 28 | N46: 21.5
A47: Screw | B47: STRONGTIE | C47: SWD | D47: Nordisk treskrue, dobbeltgjenget | E47: 2 | F47: 6.5 | G47: 90 | H47: 8 | I47: 14.5 | J47: 13 | K47: 29.4 | L47: 14.3 | M47: 40 | N47: 33.5
A48: Screw | B48: STRONGTIE | C48: SWD | D48: Nordisk treskrue, dobbeltgjenget | E48: 2 | F48: 6.5 | G48: 130 | H48: 8 | I48: 14.5 | J48: 13 | K48: 29.4 | L48: 14.3 | M48: 40 | N48: 33.5
A49: Screw | B49: STRONGTIE | C49: SWD | D49: Nordisk treskrue, dobbeltgjenget | E49: 2 | F49: 6.5 | G49: 160 | H49: 8 | I49: 14.5 | J49: 13 | K49: 29.4 | L49: 14.3 | M49: 65 | N49: 58.5
A50: Screw | B50: STRONGTIE | C50: SWD | D50: Nordisk treskrue, dobbeltgjenget | E50: 2 | F50: 6.5 | G50: 190 | H50: 8 | I50: 14.5 | J50: 13 | K50: 29.4 | L50: 14.3 | M50: 80 | N50: 73.5
A51: Screw | B51: STRONGTIE | C51: SWD | D51: Nordisk treskrue, dobbeltgjenget | E51: 2 | F51: 6.5 | G51: 220 | H51: 8 | I51: 14.5 | J51: 13 | K51: 29.4 | L51: 14.3 | M51: 95 | N51: 88.5
A52: Screw | B52: STRONGTIE | C52: SWD | D52: Nordisk treskrue, dobbeltgjenget | E52: 2 | F52: 8 | G52: 90 | H52: 10 | I52: 31.2 | J52: 14.2 | K52: 38.8 | L52: 21.9 | M52: 40 | N52: 31.5
A53: Screw | B53: STRONGTIE | C53: SWD | D53: Nordisk treskrue, dobbeltgjenget | E53: 2 | F53: 8 | G53: 130 | H53: 10 | I53: 31.2 | J53: 14.2 | K53: 38.8 | L53: 21.9 | M53: 40 | N53: 31.5
A54: Screw | B54: STRONGTIE | C54: SWD | D54: Nordisk treskrue, dobbeltgjenget | E54: 2 | F54: 8 | G54: 160 | H54: 10 | I54: 31.2 | J54: 14.2 | K54: 38.8 | L54: 21.9 | M54: 65 | N54: 56.5
A55: Screw | B55: STRONGTIE | C55: SWD | D55: Nordisk treskrue, dobbeltgjenget | E55: 2 | F55: 8 | G55: 190 | H55: 10 | I55: 31.2 | J55: 14.2 | K55: 38.8 | L55: 21.9 | M55: 80 | N55: 71.5
A56: Screw | B56: STRONGTIE | C56: SWD | D56: Nordisk treskrue, dobbeltgjenget | E56: 2 | F56: 8 | G56: 220 | H56: 10 | I56: 31.2 | J56: 14.2 | K56: 38.8 | L56: 21.9 | M56: 95 | N56: 86.5
A57: Screw | B57: STRONGTIE | C57: SWD | D57: Nordisk treskrue, dobbeltgjenget | E57: 2 | F57: 8 | G57: 245 | H57: 10 | I57: 31.2 | J57: 14.2 | K57: 38.8 | L57: 21.9 | M57: 107.5 | N57: 99
... A60: Screw | B60: STRONGTIE | C60: SWD | D60: Nordisk treskrue, dobbeltgjenget | E60: 2 | F60: 8 | G60: 330 | H60: 10 | I60: 31.2 | J60: 14.2 | K60: 38.8 | L60: 21.9 | M60: 135 | N60: 126.5
A61: Screw | B61: STRONGTIE | C61: TTSFS | D61: Nordisk treskrue, senkhode | E61: 3 | F61: 5 | G61: 60 | H61: 9.5 | I61: 5.472 | J61: 17.3 | K61: 19.6 | L61: 6.5 | M61: 32
A62: Screw | B62: STRONGTIE | C62: TTSFS | D62: Nordisk treskrue, senkhode | E62: 3 | F62: 5 | G62: 70 | H62: 9.5 | I62: 5.472 | J62: 17.3 | K62: 19.6 | L62: 6.5 | M62: 35
A63: Screw | B63: STRONGTIE | C63: TTSFS | D63: Nordisk treskrue, senkhode | E63: 3 | F63: 5 | G63: 80 | H63: 9.5 | I63: 5.472 | J63: 17.3 | K63: 19.6 | L63: 6.5 | M63: 40
A64: Screw | B64: STRONGTIE | C64: TTSFS | D64: Nordisk treskrue, senkhode | E64: 3 | F64: 5 | G64: 90 | H64: 9.5 | I64: 5.472 | J64: 17.3 | K64: 19.6 | L64: 6.5 | M64: 45
A65: Screw | B65: STRONGTIE | C65: TTSFS | D65: Nordisk treskrue, senkhode | E65: 3 | F65: 5 | G65: 100 | H65: 9.5 | I65: 5.472 | J65: 17.3 | K65: 19.6 | L65: 6.5 | M65: 55
A66: Screw | B66: STRONGTIE | C66: TTSFS | D66: Nordisk treskrue, senkhode | E66: 3 | F66: 5 | G66: 120 | H66: 9.5 | I66: 5.472 | J66: 17.3 | K66: 19.6 | L66: 6.5 | M66: 60
A67: Screw | B67: STRONGTIE | C67: TTSFS | D67: Nordisk treskrue, senkhode | E67: 3 | F67: 6 | G67: 70 | H67: 11.6 | I67: 8.467 | J67: 15.9 | K67: 22.6 | L67: 8.8 | M67: 35
A68: Screw | B68: STRONGTIE | C68: TTSFS | D68: Nordisk treskrue, senkhode | E68: 3 | F68: 6 | G68: 80 | H68: 11.6 | I68: 8.467 | J68: 15.9 | K68: 22.6 | L68: 8.8 | M68: 40
A69: Screw | B69: STRONGTIE | C69: TTSFS | D69: Nordisk treskrue, senkhode | E69: 3 | F69: 6 | G69: 90 | H69: 11.6 | I69: 8.467 | J69: 15.9 | K69: 22.6 | L69: 8.8 | M69: 45
A70: Screw | B70: STRONGTIE | C70: TTSFS | D70: Nordisk treskrue, senkhode | E70: 3 | F70: 6 | G70: 100 | H70: 11.6 | I70: 8.467 | J70: 15.9 | K70: 22.6 | L70: 8.8 | M70: 55
A71: Screw | B71: STRONGTIE | C71: TTSFS | D71: Nordisk treskrue, senkhode | E71: 3 | F71: 6 | G71: 120 | H71: 11.6 | I71: 8.467 | J71: 15.9 | K71: 22.6 | L71: 8.8 | M71: 60
A72: Screw | B72: STRONGTIE | C72: TTSFS | D72: Nordisk treskrue, senkhode | E72: 3 | F72: 6 | G72: 140 | H72: 11.6 | I72: 8.467 | J72: 15.9 | K72: 22.6 | L72: 8.8 | M72: 65
A73: Screw | B73: STRONGTIE | C73: TTZNFP | D73: Nordisk treskrue, pan-hode | E73: 3 | F73: 4 | G73: 30 | H73: 8 | M73: 30
A74: Screw | B74: STRONGTIE | C74: TTZNFP | D74: Nordisk treskrue, pan-hode | E74: 3 | F74: 4 | G74: 40 | H74: 8 | M74: 40
A75: Screw | B75: STRONGTIE | C75: TTZNFP | D75: Nordisk treskrue, pan-hode | E75: 3 | F75: 4 | G75: 50 | H75: 8 | M75: 30
A76: Screw | B76: STRONGTIE | C76: TTZNFP | D76: Nordisk treskrue, pan-hode | E76: 3 | F76: 5 | G76: 40 | H76: 9.7 | I76: 7.602 | J76: 13 | K76: 23.2 | L76: 9.9 | M76: 36
A77: Screw | B77: STRONGTIE | C77: TTZNFP | D77: Nordisk treskrue, pan-hode | E77: 3 | F77: 5 | G77: 50 | H77: 9.7 | I77: 7.602 | J77: 13 | K77: 23.2 | L77: 9.9 | M77: 30
A78: Screw | B78: STRONGTIE | C78: TTZNFP | D78: Nordisk treskrue, pan-hode | E78: 3 | F78: 5 | G78: 60 | H78: 9.7 | I78: 7.602 | J78: 13 | K78: 23.2 | L78: 9.9 | M78: 35
A79: Screw | B79: STRONGTIE | C79: TTZNFP | D79: Nordisk treskrue, pan-hode | E79: 3 | F79: 5 | G79: 70 | H79: 9.7 | I79: 7.602 | J79: 13 | K79: 23.2 | L79: 9.9 | M79: 40
A80: Screw | B80: STRONGTIE | C80: TTZNFS | D80: Nordisk treskrue, senkhode | E80: 3 | F80: 3.5 | G80: 16 | H80: 7 | M80: 10
A81: Screw | B81: STRONGTIE | C81: TTZNFS | D81: Nordisk treskrue, senkhode | E81: 3 | F81: 3.5 | G81: 20 | H81: 7 | M81: 14
A82: Screw | B82: STRONGTIE | C82: TTZNFS | D82: Nordisk treskrue, senkhode | E82: 3 | F82: 3.5 | G82: 30 | H82: 7 | M82: 24
A83: Screw | B83: STRONGTIE | C83: TTZNFS | D83: Nordisk treskrue, senkhode | E83: 3 | F83: 4 | G83: 20 | H83: 8 | M83: 10
A84: Screw | B84: STRONGTIE | C84: TTZNFS | D84: Nordisk treskrue, senkhode | E84: 3 | F84: 4 | G84: 30 | H84: 8 | M84: 20
A85: Screw | B85: STRONGTIE | C85: TTZNFS | D85: Nordisk treskrue, senkhode | E85: 3 | F85: 4.5 | G85: 25 | H85: 8.4 | M85: 20
A86: Screw | B86: STRONGTIE | C86: TTZNFS | D86: Nordisk treskrue, senkhode | E86: 3 | F86: 4.5 | G86: 30 | H86: 8.4 | M86: 25
A87: Screw | B87: STRONGTIE | C87: TTZNFS | D87: Nordisk treskrue, senkhode | E87: 3 | F87: 4.5 | G87: 40 | H87: 8.4 | M87: 35
A88: Screw | B88: STRONGTIE | C88: TTZNFS | D88: Nordisk treskrue, senkhode | E88: 3 | F88: 4.5 | G88: 50 | H88: 8.4 | M88: 30
A89: Screw | B89: STRONGTIE | C89: TTZNFS | D89: Nordisk treskrue, senkhode | E89: 3 | F89: 4.5 | G89: 60 | H89: 8.4 | M89: 35
A90: Screw | B90: STRONGTIE | C90: TTZNFS | D90: Nordisk treskrue, senkhode | E90: 3 | F90: 4.5 | G90: 70 | H90: 8.4 | M90: 40
A91: Screw | B91: STRONGTIE | C91: TTZNFS | D91: Nordisk treskrue, senkhode | E91: 3 | F91: 5 | G91: 50 | H91: 9.5 | M91: 30
... A106: Screw | B106: STRONGTIE | C106: TTZNFS | D106: Nordisk treskrue, senkhode | E106: 3 | F106: 6 | G106: 180 | H106: 11.6 | M106: 70
A107: Screw | B107: STRONGTIE | C107: SWC | D107: Nordisk treskrue, senkhode | E107: 1 | F107: 6 | G107: 200 | H107: 11.8 | I107: 12.6 | J107: 13 | K107: 20 | L107: 14 | M107: 70
A108: Screw | B108: STRONGTIE | C108: SWC | D108: Nordisk treskrue, senkhode | E108: 1 | F108: 6 | G108: 220 | H108: 11.8 | I108: 12.6 | J108: 13 | K108: 20 | L108: 14 | M108: 70
A109: Screw | B109: STRONGTIE | C109: SWC | D109: Nordisk treskrue, senkhode | E109: 1 | F109: 6 | G109: 240 | H109: 11.8 | I109: 12.6 | J109: 13 | K109: 20 | L109: 14 | M109: 70
A110: Screw | B110: STRONGTIE | C110: SWC | D110: Nordisk treskrue, senkhode | E110: 1 | F110: 6 | G110: 260 | H110: 11.8 | I110: 12.6 | J110: 13 | K110: 20 | L110: 14 | M110: 70
A111: Screw | B111: STRONGTIE | C111: SWC | D111: Nordisk treskrue, senkhode | E111: 1 | F111: 6 | G111: 280 | H111: 11.8 | I111: 12.6 | J111: 13 | K111: 20 | L111: 14 | M111: 70
A112: Screw | B112: STRONGTIE | C112: SWC | D112: Nordisk treskrue, senkhode | E112: 1 | F112: 6 | G112: 300 | H112: 11.8 | I112: 12.6 | J112: 13 | K112: 20 | L112: 14 | M112: 70
A113: Screw | B113: STRONGTIE | C113: SWC | D113: Nordisk treskrue, senkhode | E113: 1 | F113: 8 | G113: 80 | H113: 14.6 | I113: 40.1 | J113: 13.5 | K113: 17.9 | L113: 26.9 | M113: 50
A114: Screw | B114: STRONGTIE | C114: SWC | D114: Nordisk treskrue, senkhode | E114: 1 | F114: 8 | G114: 100 | H114: 14.6 | I114: 40.1 | J114: 13.5 | K114: 17.9 | L114: 26.9 | M114: 50
A115: Screw | B115: STRONGTIE | C115: SWC | D115: Nordisk treskrue, senkhode | E115: 1 | F115: 8 | G115: 120 | H115: 14.6 | I115: 40.1 | J115: 13.5 | K115: 17.9 | L115: 26.9 | M115: 80
A116: Screw | B116: STRONGTIE | C116: SWC | D116: Nordisk treskrue, senkhode | E116: 1 | F116: 8 | G116: 140 | H116: 14.6 | I116: 40.1 | J116: 13.5 | K116: 17.9 | L116: 26.9 | M116: 80
A117: Screw | B117: STRONGTIE | C117: SWC | D117: Nordisk treskrue, senkhode | E117: 1 | F117: 8 | G117: 160 | H117: 14.6 | I117: 40.1 | J117: 13.5 | K117: 17.9 | L117: 26.9 | M117: 80
A118: Screw | B118: STRONGTIE | C118: SWC | D118: Nordisk treskrue, senkhode | E118: 1 | F118: 8 | G118: 180 | H118: 14.6 | I118: 40.1 | J118: 13.5 | K118: 17.9 | L118: 26.9 | M118: 80
... A185: Screw | B185: STRONGTIE | C185: SWW | D185: Nordisk treskrue, skivehode | E185: 1 | F185: 10 | G185: 400 | H185: 25.9 | I185: 59.6 | J185: 12.9 | K185: 22.1 | L185: 33.9 | M185: 80
A186: Screw | B186: STRONGTIE | C186: TTUFP | D186: Nordisk treskrue, pan-hode | E186: 1 | F186: 3 | G186: 15 | H186: 5.5 | M186: 15
A187: Screw | B187: STRONGTIE | C187: TTUFP | D187: Nordisk treskrue, pan-hode | E187: 1 | F187: 3 | G187: 20 | H187: 5.5 | M187: 20
A188: Screw | B188: STRONGTIE | C188: TTUFP | D188: Nordisk treskrue, pan-hode | E188: 1 | F188: 3.5 | G188: 15 | H188: 6.6 | M188: 15
A189: Screw | B189: STRONGTIE | C189: TTUFP | D189: Nordisk treskrue, pan-hode | E189: 1 | F189: 3.5 | G189: 20 | H189: 6.6 | M189: 20
A190: Screw | B190: STRONGTIE | C190: TTUFP | D190: Nordisk treskrue, pan-hode | E190: 1 | F190: 3.5 | G190: 25 | H190: 6.6 | M190: 25
A191: Screw | B191: STRONGTIE | C191: TTUFP | D191: Nordisk treskrue, pan-hode | E191: 1 | F191: 3.5 | G191: 30 | H191: 6.6 | M191: 30
...

Sheet Washers
A1: Producer | B1: Type | C1: Usage | D1: rod | E1: d int | F1: d ext | G1: s
A2: ROTHOBLAAS | B2: ULS DIN 9021 | C2: Washer S235 DIN 9021 | D2: 8 | E2: 8.4 | F2: 24 | G2: 2
A3: ROTHOBLAAS | B3: ULS DIN 9021 | C3: Washer S235 DIN 9021 | D3: 10 | E3: 10.5 | F3: 30 | G3: 2.5
A4: ROTHOBLAAS | B4: ULS DIN 9021 | C4: Washer S235 DIN 9021 | D4: 12 | E4: 13 | F4: 37 | G4: 3
A5: ROTHOBLAAS | B5: ULS DIN 9021 | C5: Washer S235 DIN 9021 | D5: 14 | E5: 15 | F5: 44 | G5: 3
A6: ROTHOBLAAS | B6: ULS DIN 9021 | C6: Washer S235 DIN 9021 | D6: 16 | E6: 17 | F6: 50 | G6: 3
A7: ROTHOBLAAS | B7: ULS DIN 9021 | C7: Washer S235 DIN 9021 | D7: 18 | E7: 20 | F7: 56 | G7: 4
A8: ROTHOBLAAS | B8: ULS DIN 9021 | C8: Washer S235 DIN 9021 | D8: 20 | E8: 22 | F8: 60 | G8: 4
A9: ROTHOBLAAS | B9: ULS DIN 440 R | C9: Washer S235 DIN 440 R | D9: 10 | E9: 11 | F9: 34 | G9: 3
A10: ROTHOBLAAS | B10: ULS DIN 440 R | C10: Washer S235 DIN 440 R | D10: 12 | E10: 13.5 | F10: 44 | G10: 4
A11: ROTHOBLAAS | B11: ULS DIN 440 R | C11: Washer S235 DIN 440 R | D11: 16 | E11: 17.5 | F11: 56 | G11: 5
A12: ROTHOBLAAS | B12: ULS DIN 440 R | C12: Washer S235 DIN 440 R | D12: 20 | E12: 22 | F12: 72 | G12: 6
A13: ROTHOBLAAS | B13: ULS DIN 440 R | C13: Washer S235 DIN 440 R | D13: 22 | E13: 24 | F13: 80 | G13: 6
... A34: SCHMID | B34: Washer CS | C34: HBS | D34: 12 | E34: 14 | F34: 37 | G34: 7.5

Sheet BoltGrades
A1: bolt | B1: As,nom | C1: 4.6 | D1: 4.8 | E1: 5.6 | F1: 5.8 | G1: 6.8 | H1: 8.8 | I1: 10.9 | J1: 50 | K1: 70 | L1: 80 | M1: 100
A2: f_ub | C2: 400 | D2: 400 | E2: 500 | F2: 500 | G2: 600 | H2: 800 | I2: 1000 | J2: 500 | K2: 600 | L2: 800 | M2: 1000
A3: f_ub_tab | C3: 400 | D3: 420 | E3: 500 | F3: 520 | G3: 600 | H3: 830 | I3: 1040 | J3: 500 | K3: 700 | L3: 800 | M3: 1000
A4: M5 | B4: 14.2 | C4: =$B$4*C3/1000 -> 5.68 | D4: =$B$4*D3/1000 -> 5.964 | E4: =$B$4*E3/1000 -> 7.1 | F4: =$B$4*F3/1000 -> 7.384 | G4: =$B$4*G3/1000 -> 8.52 | H4: =$B$4*H3/1000 -> 11.786 | I4: =$B$4*I3/1000 -> 14.768 | J4: =$B$4*J3/1000 -> 7.1 | ... M4: =$B$4*M3/1000 -> 14.2
A5: M6 | B5: 20.1 | C5: =$B$5*C3/1000 -> 8.04 | D5: =$B$5*D3/1000 -> 8.442 | E5: =$B$5*E3/1000 -> 10.05 | F5: =$B$5*F3/1000 -> 10.452 | G5: =$B$5*G3/1000 -> 12.06 | H5: =$B$5*H3/1000 -> 16.683 | I5: =$B$5*I3/1000 -> 20.904 | J5: =$B$5*J3/1000 -> 10.05 | ... M5: =$B$5*M3/1000 -> 20.1
A6: M7 | B6: 28.9 | C6: =$B$6*C3/1000 -> 11.56 | D6: =$B$6*D3/1000 -> 12.138 | E6: =$B$6*E3/1000 -> 14.45 | F6: =$B$6*F3/1000 -> 15.028 | G6: =$B$6*G3/1000 -> 17.34 | H6: =$B$6*H3/1000 -> 23.987 | I6: =$B$6*I3/1000 -> 30.056 | J6: =$B$6*J3/1000 -> 14.45 | ... M6: =$B$6*M3/1000 -> 28.9
A7: M8 | B7: 36.6 | C7: =$B$7*C3/1000 -> 14.64 | D7: =$B$7*D3/1000 -> 15.372 | E7: =$B$7*E3/1000 -> 18.3 | F7: =$B$7*F3/1000 -> 19.032 | G7: =$B$7*G3/1000 -> 21.96 | H7: =$B$7*H3/1000 -> 30.378 | I7: =$B$7*I3/1000 -> 38.064 | J7: =$B$7*J3/1000 -> 18.3 | ... M7: =$B$7*M3/1000 -> 36.6
A8: M10 | B8: 58 | C8: =$B$8*C3/1000 -> 23.2 | D8: =$B$8*D3/1000 -> 24.36 | E8: =$B$8*E3/1000 -> 29 | F8: =$B$8*F3/1000 -> 30.16 | G8: =$B$8*G3/1000 -> 34.8 | H8: =$B$8*H3/1000 -> 48.14 | I8: =$B$8*I3/1000 -> 60.32 | J8: =$B$8*J3/1000 -> 29 | ... M8: =$B$8*M3/1000 -> 58
A9: M12 | B9: 84.3 | C9: 33.7 | D9: 35.4 | E9: 42.2 | F9: 43.8 | G9: 50.6 | H9: 70 | I9: 87.7 | J9: 42.2 | K9: 59 | L9: 67.4 | M9: =B9*$M$3/1000 -> 84.3
A10: M14 | B10: 115 | C10: 46 | D10: 48.3 | E10: 57.5 | F10: 59.8 | G10: 69 | H10: 95.5 | I10: 120 | J10: 57.5 | K10: 80.5 | L10: 92 | M10: =B10*$M$3/1000 -> 115
A11: M16 | B11: 157 | C11: 62.8 | D11: 65.9 | E11: 78.5 | F11: 81.6 | G11: 94 | H11: 130 | I11: 163 | J11: 78.5 | K11: 110 | L11: 126 | M11: =B11*$M$3/1000 -> 157
A12: M18 | B12: 192 | C12: 76.8 | D12: 80.6 | E12: 96 | F12: 99.8 | G12: 115 | H12: 159 | I12: 200 | J12: 96 | K12: 134 | L12: 154 | M12: =B12*$M$3/1000 -> 192
A13: M20 | B13: 245 | C13: 98 | D13: 103 | E13: 122 | F13: 127 | G13: 147 | H13: 203 | I13: 255 | J13: 122 | K13: 172 | L13: 196 | M13: =B13*$M$3/1000 -> 245
A14: M22 | B14: 303 | C14: 121 | D14: 127 | E14: 152 | F14: 158 | G14: 182 | H14: 252 | I14: 315 | J14: 152 | K14: 212 | L14: 242 | M14: =B14*$M$3/1000 -> 303
A15: M24 | B15: 353 | C15: 141 | D15: 148 | E15: 176 | F15: 184 | G15: 212 | H15: 293 | I15: 367 | J15: 176 | K15: 247 | L15: 282 | M15: =B15*$M$3/1000 -> 353
A16: M27 | B16: 459 | C16: 184 | D16: 193 | E16: 230 | F16: 239 | G16: 275 | H16: 381 | I16: 477 | J16: 230 | K16: 321 | L16: 367 | M16: =B16*$M$3/1000 -> 459
A17: M30 | B17: 561 | C17: 224 | D17: 236 | E17: 280 | F17: 292 | G17: 337 | H17: 466 | I17: 583 | J17: 280 | K17: 393 | L17: 449 | M17: =B17*$M$3/1000 -> 561
A18: M33 | B18: 694 | C18: 278 | D18: 292 | E18: 347 | F18: 361 | G18: 416 | H18: 576 | I18: 722 | J18: 347 | K18: 486 | L18: 555 | M18: =B18*$M$3/1000 -> 694
A19: M36 | B19: 817 | C19: 327 | D19: 343 | E19: 408 | F19: 425 | G19: 490 | H19: 678 | I19: 850 | J19: 408 | K19: 572 | L19: 654 | M19: =B19*$M$3/1000 -> 817

Sheet DIN 571
A1: Produsent | B1: Type | C1: Usage | D1: Highest service class | E1: d | F1: l | G1: dh | H1: My,Rk [Nm] | I1: faxk[N/mm^2] | J1: fhead,k[N/mm^2] | K1: ftens,k[kN] | L1: l1 | M1: l3
A2: DIN 571 | B2: DIN 571 (4.6) | C2: Fransk treskrue (NKT) | D2: 3 | E2: 6 | F2: 25 | G2: 10 | H2: 4.8 | I2: 15.3 | K2: 7 | L2: =F2*0.6 -> 15
A3: DIN 571 | B3: DIN 571 (4.6) | C3: Fransk treskrue (NKT) | D3: 3 | E3: 6 | F3: 30 | G3: 10 | H3: 4.8 | I3: 15.3 | K3: 7 | L3: =F3*0.6 -> 18
A4: DIN 571 | B4: DIN 571 (4.6) | C4: Fransk treskrue (NKT) | D4: 3 | E4: 6 | F4: 40 | G4: 10 | H4: 4.8 | I4: 15.3 | K4: 7 | L4: =F4*0.6 -> 24
A5: DIN 571 | B5: DIN 571 (4.6) | C5: Fransk treskrue (NKT) | D5: 3 | E5: 6 | F5: 50 | G5: 10 | H5: 4.8 | I5: 15.3 | K5: 7 | L5: =F5*0.6 -> 30
A6: DIN 571 | B6: DIN 571 (4.6) | C6: Fransk treskrue (NKT) | D6: 3 | E6: 6 | F6: 60 | G6: 10 | H6: 4.8 | I6: 15.3 | K6: 7 | L6: =F6*0.6 -> 36
A7: DIN 571 | B7: DIN 571 (4.6) | C7: Fransk treskrue (NKT) | D7: 3 | E7: 6 | F7: 70 | G7: 10 | H7: 4.8 | I7: 15.3 | K7: 7 | L7: =F7*0.6 -> 42
A8: DIN 571 | B8: DIN 571 (4.6) | C8: Fransk treskrue (NKT) | D8: 3 | E8: 6 | F8: 80 | G8: 10 | H8: 4.8 | I8: 15.3 | K8: 7 | L8: =F8*0.6 -> 48
A9: DIN 571 | B9: DIN 571 (4.6) | C9: Fransk treskrue (NKT) | D9: 3 | E9: 6 | F9: 90 | G9: 10 | H9: 4.8 | I9: 15.3 | K9: 7 | L9: =F9*0.6 -> 54
A10: DIN 571 | B10: DIN 571 (4.6) | C10: Fransk treskrue (NKT) | D10: 3 | E10: 6 | F10: 100 | G10: 10 | H10: 4.8 | I10: 15.3 | K10: 7 | L10: =F10*0.6 -> 60
A11: DIN 571 | B11: DIN 571 (4.6) | C11: Fransk treskrue (NKT) | D11: 3 | E11: 8 | F11: 30 | G11: 13 | H11: 10.1 | I11: 12.4 | K11: 11 | L11: =F11*0.6 -> 18
A12: DIN 571 | B12: DIN 571 (4.6) | C12: Fransk treskrue (NKT) | D12: 3 | E12: 8 | F12: 40 | G12: 13 | H12: 10.1 | I12: 12.4 | K12: 11 | L12: =F12*0.6 -> 24
A13: DIN 571 | B13: DIN 571 (4.6) | C13: Fransk treskrue (NKT) | D13: 3 | E13: 8 | F13: 50 | G13: 13 | H13: 10.1 | I13: 12.4 | K13: 11 | L13: =F13*0.6 -> 30
... A62: DIN 571 | B62: DIN 571 (4.6) | C62: Fransk treskrue (NKT) | D62: 3 | E62: 16 | F62: 300 | G62: 24 | H62: 61.6 | I62: 8.4 | K62: 51 | L62: =F62*0.6 -> 180
A63: DIN 571 | B63: DIN 571 (4.8) | C63: Fransk treskrue (INDEX) | D63: 2 | E63: 5 | F63: 30 | G63: 8 | H63: 5.984 | I63: 9.31 | J63: 26.42 | K63: 5.2 | L63: =F63*0.6 -> 18
A64: DIN 571 | B64: DIN 571 (4.8) | C64: Fransk treskrue (INDEX) | D64: 2 | E64: 6 | G64: 10 | H64: 10.749 | I64: 7.73 | J64: 24.9 | K64: 7.4
A65: DIN 571 | B65: DIN 571 (4.8) | C65: Fransk treskrue (INDEX) | D65: 2 | E65: 7 | G65: 12 | H65: 18.047 | I65: 10.33 | J65: 24.74 | K65: 9.1
A66: DIN 571 | B66: DIN 571 (4.8) | C66: Fransk treskrue (INDEX) | D66: 2 | E66: 8 | G66: 13 | H66: 24.131 | I66: 6.72 | J66: 22.55 | K66: 11.8
A67: DIN 571 | B67: DIN 571 (4.8) | C67: Fransk treskrue (INDEX) | D67: 2 | E67: 10 | G67: 17 | H67: 49.056 | I67: 6.71 | J67: 21.37 | K67: 18.9
A68: DIN 571 | B68: DIN 571 (4.8) | C68: Fransk treskrue (INDEX) | D68: 2 | E68: 12 | G68: 19 | H68: 81.096 | I68: 7.62 | J68: 20.15 | K68: 34.2
A69: DIN 571 | B69: DIN 571 (4.8) | C69: Fransk treskrue (INDEX) | D69: 2 | E69: 14 | G69: 22 | H69: 129.198 | I69: 7.05 | J69: 20.23 | K69: 45.2
A70: DIN 571 | B70: DIN 571 (A2) | C70: Fransk treskrue (INDEX) | D70: 3 | E70: 6 | G70: 10 | H70: 14.18 | I70: 13.24 | J70: 24.77 | K70: 12.81
A71: DIN 571 | B71: DIN 571 (A2) | C71: Fransk treskrue (INDEX) | D71: 3 | E71: 8 | G71: 13 | H71: 29.081 | I71: 12.43 | J71: 22.25 | K71: 18.55
A72: DIN 571 | B72: DIN 571 (A2) | C72: Fransk treskrue (INDEX) | D72: 3 | E72: 10 | G72: 17 | H72: 41.348 | I72: 12.23 | J72: 20.76 | K72: 30.12
Y242: 100
Y243: 100
Y244: 100
Y245: 100
Y246: 100
Y247: 100
Y248: 50
Y249: 50
Y250: 50
Y251: 50
Y252: 50
Y253: 50
... Y274: 25

Sheet Dowels
A1: Producer | B1: Product | C1: Detail information | D1: Highest service class | E1: d | F1: l | G1: dh | H1: My,Rk [Nm] | I1: faxk[N/mm^2] | J1: fhead,k[N/mm^2] | K1: ftens,k[kN] | L1: l1 | M1: l3 | N1: f_uk | O1: Bmax
A2: ROTHOBLAAS | B2: STA | C2: Smooth Dowel, S355 | D2: 2 | E2: 20 | F2: 1000 | G2: 20 | H2: 340 | I2: 0 | J2: 0 | K2: 0
A3: ROTHOBLAAS | B3: STA | C3: Smooth Dowel, S355 | D3: 2 | E3: 20 | F3: 400 | G3: 20 | H3: 340 | I3: 0 | J3: 0 | K3: 0
A4: ROTHOBLAAS | B4: STA | C4: Smooth Dowel, S355 | D4: 2 | E4: 20 | F4: 360 | G4: 20 | H4: 340 | I4: 0 | J4: 0 | K4: 0
A5: ROTHOBLAAS | B5: STA | C5: Smooth Dowel, S355 | D5: 2 | E5: 20 | F5: 320 | G5: 20 | H5: 340 | I5: 0 | J5: 0 | K5: 0
A6: ROTHOBLAAS | B6: STA | C6: Smooth Dowel, S355 | D6: 2 | E6: 20 | F6: 300 | G6: 20 | H6: 340 | I6: 0 | J6: 0 | K6: 0
A7: ROTHOBLAAS | B7: STA | C7: Smooth Dowel, S355 | D7: 2 | E7: 20 | F7: 280 | G7: 20 | H7: 340 | I7: 0 | J7: 0 | K7: 0
A8: ROTHOBLAAS | B8: STA | C8: Smooth Dowel, S355 | D8: 2 | E8: 20 | F8: 260 | G8: 20 | H8: 340 | I8: 0 | J8: 0 | K8: 0
A9: ROTHOBLAAS | B9: STA | C9: Smooth Dowel, S355 | D9: 2 | E9: 20 | F9: 240 | G9: 20 | H9: 340 | I9: 0 | J9: 0 | K9: 0
A10: ROTHOBLAAS | B10: STA | C10: Smooth Dowel, S355 | D10: 2 | E10: 20 | F10: 220 | G10: 20 | H10: 340 | I10: 0 | J10: 0 | K10: 0
A11: ROTHOBLAAS | B11: STA | C11: Smooth Dowel, S355 | D11: 2 | E11: 20 | F11: 200 | G11: 20 | H11: 340 | I11: 0 | J11: 0 | K11: 0
A12: ROTHOBLAAS | B12: STA | C12: Smooth Dowel, S355 | D12: 2 | E12: 20 | F12: 190 | G12: 20 | H12: 340 | I12: 0 | J12: 0 | K12: 0
A13: ROTHOBLAAS | B13: STA | C13: Smooth Dowel, S355 | D13: 2 | E13: 20 | F13: 180 | G13: 20 | H13: 340 | I13: 0 | J13: 0 | K13: 0
... A66: ROTHOBLAAS | B66: STA | C66: Smooth Dowel, S235 | D66: 2 | E66: 8 | F66: 60 | G66: 8 | H66: 24.1 | I66: 0 | J66: 0 | K66: 0
A67: ROTHOBLAAS | B67: SBD | C67: Self-drilling dowel | D67: 2 | E67: 7.5 | F67: 235 | G67: 11 | H67: 75 | I67: 0 | J67: 0 | K67: 0 | L67: =F67-15 -> 220 | O67: 240
A68: ROTHOBLAAS | B68: SBD | C68: Self-drilling dowel | D68: 2 | E68: 7.5 | F68: 215 | G68: 11 | H68: 75 | I68: 0 | J68: 0 | K68: 0 | L68: =F68-15 -> 200 | O68: 240
A69: ROTHOBLAAS | B69: SBD | C69: Self-drilling dowel | D69: 2 | E69: 7.5 | F69: 195 | G69: 11 | H69: 75 | I69: 0 | J69: 0 | K69: 0 | L69: =F69-15 -> 180 | O69: 220
A70: ROTHOBLAAS | B70: SBD | C70: Self-drilling dowel | D70: 2 | E70: 7.5 | F70: 175 | G70: 11 | H70: 75 | I70: 0 | J70: 0 | K70: 0 | L70: =F70-15 -> 160 | O70: 200
A71: ROTHOBLAAS | B71: SBD | C71: Self-drilling dowel | D71: 2 | E71: 7.5 | F71: 155 | G71: 11 | H71: 75 | I71: 0 | J71: 0 | K71: 0 | L71: =F71-15 -> 140 | O71: 180
A72: ROTHOBLAAS | B72: SBD | C72: Self-drilling dowel | D72: 2 | E72: 7.5 | F72: 135 | G72: 11 | H72: 75 | I72: 0 | J72: 0 | K72: 0 | L72: =F72-15 -> 120 | O72: 160
A73: ROTHOBLAAS | B73: SBD | C73: Self-drilling dowel | D73: 2 | E73: 7.5 | F73: 115 | G73: 11 | H73: 75 | I73: 0 | J73: 0 | K73: 0 | L73: =F73-15 -> 100 | O73: 140
A74: ROTHOBLAAS | B74: SBD | C74: Self-drilling dowel | D74: 2 | E74: 7.5 | F74: 95 | G74: 11 | H74: 75 | I74: 0 | J74: 0 | K74: 0 | L74: =F74-15 -> 80 | O74: 120
A75: ROTHOBLAAS | B75: SBD short | C75: Self-drilling dowel | D75: 2 | E75: 7.5 | F75: 75 | G75: 11 | H75: 42 | I75: 0 | J75: 0 | K75: 0 | L75: =F75-8 -> 67 | O75: 100
A76: ROTHOBLAAS | B76: SBD short | C76: Self-drilling dowel | D76: 2 | E76: 7.5 | F76: 55 | G76: 11 | H76: 42 | I76: 0 | J76: 0 | K76: 0 | L76: =F76-8 -> 47 | O76: 80
A77: EN 1.4404 | B77: AISI 316L | C77: Stainless steel round bar, fuk 520 Mpa | D77: 3 | E77: 8 | F77: 1000 | G77: 8 | H77: =0.3*520*E77^2.6/1000 -> 34.766307 | I77: 0 | J77: 0 | K77: 0
A78: EN 1.4404 | B78: AISI 316L | C78: Stainless steel round bar, fuk 520 Mpa | D78: 3 | E78: 10 | F78: 1000 | G78: 10 | H78: =0.3*520*E78^2.6/1000 -> 62.104719 | I78: 0 | J78: 0 | K78: 0
A79: EN 1.4404 | B79: AISI 316L | C79: Stainless steel round bar, fuk 520 Mpa | D79: 3 | E79: 12 | F79: 1000 | G79: 12 | H79: =0.3*520*E79^2.6/1000 -> 99.76905 | I79: 0 | J79: 0 | K79: 0
A80: EN 1.4404 | B80: AISI 316L | C80: Stainless steel round bar, fuk 520 Mpa | D80: 3 | E80: 16 | F80: 1000 | G80: 16 | H80: =0.3*520*E80^2.6/1000 -> 210.78347 | I80: 0 | J80: 0 | K80: 0
A81: EN 1.4404 | B81: AISI 316L | C81: Stainless steel round bar, fuk 520 Mpa | D81: 3 | E81: 20 | F81: 1000 | G81: 20 | H81: =0.3*520*E81^2.6/1000 -> 376.5326 | I81: 0 | J81: 0 | K81: 0
A82: EN 1.4404 | B82: AISI 316L | C82: Stainless steel round bar, fuk 520 Mpa | D82: 3 | E82: 22 | F82: 1000 | G82: 22 | H82: =0.3*520*E82^2.6/1000 -> 482.41807 | I82: 0 | J82: 0 | K82: 0
A83: EN 1.4404 | B83: AISI 316L | C83: Stainless steel round bar, fuk 520 Mpa | D83: 3 | E83: 25 | F83: 1000 | G83: 25 | H83: =0.3*520*E83^2.6/1000 -> 672.61821 | I83: 0 | J83: 0 | K83: 0
A84: EN 1.4301 | B84: AISI 304 | C84: Stainless steel round bar, fuk 520 Mpa | D84: 3 | E84: 10 | F84: 1000 | G84: 10 | H84: =0.3*520*E84^2.6/1000 -> 62.104719 | I84: 0 | J84: 0 | K84: 0
A85: EN 1.4301 | B85: AISI 304 | C85: Stainless steel round bar, fuk 520 Mpa | D85: 3 | E85: 12 | F85: 1000 | G85: 12 | H85: =0.3*520*E85^2.6/1000 -> 99.76905 | I85: 0 | J85: 0 | K85: 0
A86: EN 1.4301 | B86: AISI 304 | C86: Stainless steel round bar, fuk 520 Mpa | D86: 3 | E86: 13 | F86: 1000 | G86: 13 | H86: =0.3*520*E86^2.6/1000 -> 122.85061 | I86: 0 | J86: 0 | K86: 0
A87: EN 1.4301 | B87: AISI 304 | C87: Stainless steel round bar, fuk 520 Mpa | D87: 3 | E87: 16 | F87: 1000 | G87: 16 | H87: =0.3*520*E87^2.6/1000 -> 210.78347 | I87: 0 | J87: 0 | K87: 0
A88: EN 1.4301 | B88: AISI 304 | C88: Stainless steel round bar, fuk 520 Mpa | D88: 3 | E88: 20 | F88: 1000 | G88: 20 | H88: =0.3*520*E88^2.6/1000 -> 376.5326 | I88: 0 | J88: 0 | K88: 0
A89: EN 1.4301 | B89: AISI 304 | C89: Stainless steel round bar, fuk 520 Mpa | D89: 3 | E89: 25 | F89: 1000 | G89: 25 | H89: =0.3*520*E89^2.6/1000 -> 672.61821 | I89: 0 | J89: 0 | K89: 0
A90: NS-EN 10025-2 | B90: S 235 | C90: fuk 360 Mpa | D90: 2 | E90: 7 | F90: 1000 | G90: 7 | H90: =0.3*360*E90^2.6/1000 -> 17.008995 | I90: 0 | J90: 0 | K90: 0
A91: NS-EN 10025-2 | B91: S 235 | C91: fuk 360 Mpa | D91: 2 | E91: 8 | F91: 1000 | G91: 8 | H91: =0.3*360*E91^2.6/1000 -> 24.068982 | I91: 0 | J91: 0 | K91: 0
A92: NS-EN 10025-2 | B92: S 235 | C92: fuk 360 Mpa | D92: 2 | E92: 10 | F92: 1000 | G92: 10 | H92: =0.3*360*E92^2.6/1000 -> 42.995574 | I92: 0 | J92: 0 | K92: 0
A93: NS-EN 10025-2 | B93: S 235 | C93: fuk 360 Mpa | D93: 2 | E93: 12 | F93: 1000 | G93: 12 | H93: =0.3*360*E93^2.6/1000 -> 69.070881 | I93: 0 | J93: 0 | K93: 0
A94: NS-EN 10025-2 | B94: S 235 | C94: fuk 360 Mpa | D94: 2 | E94: 16 | F94: 1000 | G94: 16 | H94: =0.3*360*E94^2.6/1000 -> 145.92702 | I94: 0 | J94: 0 | K94: 0
A95: NS-EN 10025-2 | B95: S 235 | C95: fuk 360 Mpa | D95: 2 | E95: 20 | F95: 1000 | G95: 20 | H95: =0.3*360*E95^2.6/1000 -> 260.67642 | I95: 0 | J95: 0 | K95: 0
A96: NS-EN 10025-2 | B96: S 235 | C96: fuk 360 Mpa | D96: 2 | E96: 22 | F96: 1000 | G96: 22 | H96: =0.3*360*E96^2.6/1000 -> 333.98174 | I96: 0 | J96: 0 | K96: 0
A97: NS-EN 10025-2 | B97: S 235 | C97: fuk 360 Mpa | D97: 2 | E97: 24 | F97: 1000 | G97: 24 | H97: =0.3*360*E97^2.6/1000 -> 418.76751 | I97: 0 | J97: 0 | K97: 0
A98: NS-EN 10025-2 | B98: S 235 | C98: fuk 360 Mpa | D98: 2 | E98: 25 | F98: 1000 | G98: 25 | H98: =0.3*360*E98^2.6/1000 -> 465.65876 | I98: 0 | J98: 0 | K98: 0
A99: NS-EN 10025-2 | B99: S 235 | C99: fuk 360 Mpa | D99: 2 | E99: 28 | F99: 1000 | G99: 28 | H99: =0.3*360*E99^2.6/1000 -> 625.22256 | I99: 0 | J99: 0 | K99: 0
A100: NS-EN 10025-2 | B100: S 355 | C100: fuk 490 Mpa | D100: 2 | E100: 10 | F100: 1000 | G100: 10 | H100: =0.3*490*E100^2.6/1000 -> 58.521754 | I100: 0 | J100: 0 | K100: 0
A101: NS-EN 10025-2 | B101: S 355 | C101: fuk 490 Mpa | D101: 2 | E101: 12 | F101: 1000 | G101: 12 | H101: =0.3*490*E101^2.6/1000 -> 94.013144 | I101: 0 | J101: 0 | K101: 0
A102: NS-EN 10025-2 | B102: S 355 | C102: fuk 490 Mpa | D102: 2 | E102: 16 | F102: 1000 | G102: 16 | H102: =0.3*490*E102^2.6/1000 -> 198.62289 | I102: 0 | J102: 0 | K102: 0
A103: NS-EN 10025-2 | B103: S 355 | C103: fuk 490 Mpa | D103: 2 | E103: 20 | F103: 1000 | G103: 20 | H103: =0.3*490*E103^2.6/1000 -> 354.80957 | I103: 0 | J103: 0 | K103: 0
A104: NS-EN 10025-2 | B104: S 355 | C104: fuk 490 Mpa | D104: 2 | E104: 22 | F104: 1000 | G104: 22 | H104: =0.3*490*E104^2.6/1000 -> 454.58626 | I104: 0 | J104: 0 | K104: 0
A105: NS-EN 10025-2 | B105: S 355 | C105: fuk 490 Mpa | D105: 2 | E105: 24 | F105: 1000 | G105: 24 | H105: =0.3*490*E105^2.6/1000 -> 569.98912 | I105: 0 | J105: 0 | K105: 0
A106: NS-EN 10025-2 | B106: S 355 | C106: fuk 490 Mpa | D106: 2 | E106: 25 | F106: 1000 | G106: 25 | H106: =0.3*490*E106^2.6/1000 -> 633.81331 | I106: 0 | J106: 0 | K106: 0
A107: NS-EN 10025-2 | B107: S 355 | C107: fuk 490 Mpa | D107: 2 | E107: 28 | F107: 1000 | G107: 28 | H107: =0.3*490*E107^2.6/1000 -> 850.99737 | I107: 0 | J107: 0 | K107: 0
A108: SIMPSON | B108: STD | C108: Smooth Dowel, S235JR | D108: 2 | E108: 8 | F108: 60 | G108: 8 | H108: 22.7 | I108: 0 | J108: 0 | K108: 0
A109: SIMPSON | B109: STD | C109: Smooth Dowel, S235JR | D109: 2 | E109: 8 | F109: 80 | G109: 8 | H109: 22.7 | I109: 0 | J109: 0 | K109: 0
A110: SIMPSON | B110: STD | C110: Smooth Dowel, S235JR | D110: 2 | E110: 8 | F110: 100 | G110: 8 | H110: 22.7 | I110: 0 | J110: 0 | K110: 0
A111: SIMPSON | B111: STD | C111: Smooth Dowel, S235JR | D111: 2 | E111: 8 | F111: 115 | G111: 8 | H111: 22.7 | I111: 0 | J111: 0 | K111: 0
A112: SIMPSON | B112: STD | C112: Smooth Dowel, S235JR | D112: 2 | E112: 8 | F112: 120 | G112: 8 | H112: 22.7 | I112: 0 | J112: 0 | K112: 0
A113: SIMPSON | B113: STD | C113: Smooth Dowel, S235JR | D113: 2 | E113: 8 | F113: 140 | G113: 8 | H113: 22.7 | I113: 0 | J113: 0 | K113: 0
A114: SIMPSON | B114: STD | C114: Smooth Dowel, S235JR | D114: 2 | E114: 8 | F114: 160 | G114: 8 | H114: 22.7 | I114: 0 | J114: 0 | K114: 0
A115: SIMPSON | B115: STD | C115: Smooth Dowel, S235JR | D115: 2 | E115: 8 | F115: 180 | G115: 8 | H115: 22.7 | I115: 0 | J115: 0 | K115: 0
A116: SIMPSON | B116: STD | C116: Smooth Dowel, S235JR | D116: 2 | E116: 8 | F116: 200 | G116: 8 | H116: 22.7 | I116: 0 | J116: 0 | K116: 0
A117: SIMPSON | B117: STD | C117: Smooth Dowel, S235JR | D117: 2 | E117: 10 | F117: 60 | G117: 10 | H117: 40.6 | I117: 0 | J117: 0 | K117: 0
A118: SIMPSON | B118: STD | C118: Smooth Dowel, S235JR | D118: 2 | E118: 10 | F118: 80 | G118: 10 | H118: 40.6 | I118: 0 | J118: 0 | K118: 0
A119: SIMPSON | B119: STD | C119: Smooth Dowel, S235JR | D119: 2 | E119: 10 | F119: 100 | G119: 10 | H119: 40.6 | I119: 0 | J119: 0 | K119: 0
... A148: SIMPSON | B148: STDG | C148: Smooth Dowel, S235JR | D148: 3 | E148: 16 | F148: 100 | G148: 16 | H148: 137.8 | I148: 0 | J148: 0 | K148: 0

Sheet ESSVE Screws
A1: Produsent | B1: Type | C1: Usage | D1: Highest service class | E1: d | F1: l | G1: dh | H1: My,Rk [Nm] | I1: faxk[N/mm^2] | J1: fhead,k[N/mm^2] | K1: ftens,k[kN] | L1: l1 | M1: l3
A2: ESSVE | B2: CY-FT | C2: Helgjenget, sylindrisk hode, C2 | D2: 2 | E2: 8 | F2: 160 | G2: 10.2 | H2: 20.3 | I2: 13.1 | J2: 0 | K2: 24.1 | L2: 150
A3: ESSVE | B3: CY-FT | C3: Helgjenget, sylindrisk hode, C2 | D3: 2 | E3: 8 | F3: 180 | G3: 10.2 | H3: 20.3 | I3: 13.1 | J3: 0 | K3: 24.1 | L3: 170
A4: ESSVE | B4: CY-FT | C4: Helgjenget, sylindrisk hode, C2 | D4: 2 | E4: 8 | F4: 200 | G4: 10.2 | H4: 20.3 | I4: 13.1 | J4: 0 | K4: 24.1 | L4: 190
A5: ESSVE | B5: CY-FT | C5: Helgjenget, sylindrisk hode, C2 | D5: 2 | E5: 8 | F5: 220 | G5: 10.2 | H5: 20.3 | I5: 13.1 | J5: 0 | K5: 24.1 | L5: 210
A6: ESSVE | B6: CY-FT | C6: Helgjenget, sylindrisk hode, C2 | D6: 2 | E6: 8 | F6: 240 | G6: 10.2 | H6: 20.3 | I6: 13.1 | J6: 0 | K6: 24.1 | L6: 230
A7: ESSVE | B7: CY-FT | C7: Helgjenget, sylindrisk hode, C2 | D7: 2 | E7: 8 | F7: 260 | G7: 10.2 | H7: 20.3 | I7: 13.1 | J7: 0 | K7: 24.1 | L7: 250
A8: ESSVE | B8: CY-FT | C8: Helgjenget, sylindrisk hode, C2 | D8: 2 | E8: 8 | F8: 280 | G8: 10.2 | H8: 20.3 | I8: 13.1 | J8: 0 | K8: 24.1 | L8: 270
A9: ESSVE | B9: CY-FT | C9: Helgjenget, sylindrisk hode, C2 | D9: 2 | E9: 8 | F9: 300 | G9: 10.2 | H9: 20.3 | I9: 13.1 | J9: 0 | K9: 24.1 | L9: 290
A10: ESSVE | B10: CY-FT | C10: Helgjenget, sylindrisk hode, C2 | D10: 2 | E10: 8 | F10: 325 | G10: 10.2 | H10: 20.3 | I10: 13.1 | J10: 0 | K10: 24.1 | L10: 315
A11: ESSVE | B11: CY-FT | C11: Helgjenget, sylindrisk hode, C2 | D11: 2 | E11: 10 | F11: 300 | G11: 13.4 | H11: 36.7 | I11: 12.5 | J11: 0 | K11: 40 | L11: 288
A12: ESSVE | B12: CY-FT | C12: Helgjenget, sylindrisk hode, C2 | D12: 2 | E12: 10 | F12: 325 | G12: 13.4 | H12: 36.7 | I12: 12.5 | J12: 0 | K12: 40 | L12: 301
A13: ESSVE | B13: CY-FT | C13: Helgjenget, sylindrisk hode, C2 | D13: 2 | E13: 10 | F13: 350 | G13: 13.4 | H13: 36.7 | I13: 12.5 | J13: 0 | K13: 40 | L13: 326
... A66: ESSVE | B66: H-FT | C66: Helgjenget, sekskanthode, C1 | D66: 1 | E66: 12 | F66: 220 | G66: 17 | H66: 48.5 | I66: 11.2 | J66: 17.1 | K66: 45 | L66: 205
A67: ESSVE | B67: ET-T | C67: Dobbelgjenget, sylinderhode, C4 | D67: 3 | E67: 6.5 | F67: 65 | G67: 8 | H67: 13 | I67: 15.7 | J67: 0 | K67: 14.8 | L67: 22 | M67: 22
A68: ESSVE | B68: ET-T | C68: Dobbelgjenget, sylinderhode, C4 | D68: 3 | E68: 6.5 | F68: 90 | G68: 8 | H68: 13 | I68: 15.7 | J68: 0 | K68: 14.8 | L68: 38 | M68: 38
A69: ESSVE | B69: ET-T | C69: Dobbelgjenget, sylinderhode, C4 | D69: 3 | E69: 6.5 | F69: 130 | G69: 8 | H69: 13 | I69: 15.7 | J69: 0 | K69: 14.8 | L69: 38 | M69: 38
A70: ESSVE | B70: ET-T | C70: Dobbelgjenget, sylinderhode, C4 | D70: 3 | E70: 6.5 | F70: 160 | G70: 8 | H70: 13 | I70: 15.7 | J70: 0 | K70: 14.8 | L70: 60 | M70: 60
A71: ESSVE | B71: ET-T | C71: Dobbelgjenget, sylinderhode, C4 | D71: 3 | E71: 6.5 | F71: 190 | G71: 8 | H71: 13 | I71: 15.7 | J71: 0 | K71: 14.8 | L71: 80 | M71: 80
A72: ESSVE | B72: ET-T | C72: Dobbelgjenget, sylinderhode, C4 | D72: 3 | E72: 6.5 | F72: 220 | G72: 8 | H72: 13 | I72: 15.7 | J72: 0 | K72: 14.8 | L72: 95 | M72: 95
A73: ESSVE | B73: ET-T | C73: Dobbelgjenget, sylinderhode, C4 | D73: 3 | E73: 8.2 | F73: 90 | G73: 10 | H73: 24.5 | I73: 13.1 | J73: 0 | K73: 23.2 | L73: 38 | M73: 38
A74: ESSVE | B74: ET-T | C74: Dobbelgjenget, sylinderhode, C4 | D74: 3 | E74: 8.2 | F74: 130 | G74: 10 | H74: 24.5 | I74: 13.1 | J74: 0 | K74: 23.2 | L74: 38 | M74: 38
A75: ESSVE | B75: ET-T | C75: Dobbelgjenget, sylinderhode, C4 | D75: 3 | E75: 8.2 | F75: 160 | G75: 10 | H75: 24.5 | I75: 13.1 | J75: 0 | K75: 23.2 | L75: 60 | M75: 60
A76: ESSVE | B76: ET-T | C76: Dobbelgjenget, sylinderhode, C4 | D76: 3 | E76: 8.2 | F76: 190 | G76: 10 | H76: 24.5 | I76: 13.1 | J76: 0 | K76: 23.2 | L76: 80 | M76: 80
A77: ESSVE | B77: ET-T | C77: Dobbelgjenget, sylinderhode, C4 | D77: 3 | E77: 8.2 | F77: 220 | G77: 10 | H77: 24.5 | I77: 13.1 | J77: 0 | K77: 23.2 | L77: 95 | M77: 95
A78: ESSVE | B78: ET-T | C78: Dobbelgjenget, sylinderhode, C4 | D78: 3 | E78: 8.2 | F78: 245 | G78: 10 | H78: 24.5 | I78: 13.1 | J78: 0 | K78: 23.2 | L78: 107 | M78: 107
... A81: ESSVE | B81: ET-T | C81: Dobbelgjenget, sylinderhode, C4 | D81: 3 | E81: 8.2 | F81: 330 | G81: 10 | H81: 24.5 | I81: 13.1 | J81: 0 | K81: 23.2 | L81: 135 | M81: 135
A82: ESSVE | B82: HEX | C82: Sekskanthode, C1 | D82: 3 | E82: 6 | F82: 50 | G82: 12.5 | H82: 9.9 | I82: 9.2 | J82: 14.9 | K82: 9.5 | L82: 40
A83: ESSVE | B83: HEX | C83: Sekskanthode, C2 | D83: 3 | E83: 6 | F83: 70 | G83: 12.5 | H83: 9.9 | I83: 9.2 | J83: 14.9 | K83: 9.5 | L83: 40
A84: ESSVE | B84: HEX | C84: Sekskanthode, C3 | D84: 3 | E84: 6 | F84: 90 | G84: 12.5 | H84: 9.9 | I84: 9.2 | J84: 14.9 | K84: 9.5 | L84: 50
A85: ESSVE | B85: HEX | C85: Sekskanthode, C4 | D85: 3 | E85: 6 | F85: 120 | G85: 12.5 | H85: 9.9 | I85: 9.2 | J85: 14.9 | K85: 9.5 | L85: 75
A86: ESSVE | B86: HEX | C86: Sekskanthode, C4 | D86: 3 | E86: 6 | F86: 140 | G86: 12.5 | H86: 9.9 | I86: 9.2 | J86: 14.9 | K86: 9.5 | L86: 75
A87: ESSVE | B87: HEX | C87: Sekskanthode, C4 | D87: 3 | E87: 8 | F87: 70 | G87: 15 | H87: 21.7 | I87: 10.6 | J87: 10.8 | K87: 19 | L87: 50
A88: ESSVE | B88: HEX | C88: Sekskanthode, C4 | D88: 3 | E88: 8 | F88: 90 | G88: 15 | H88: 21.7 | I88: 10.6 | J88: 10.8 | K88: 19 | L88: 50
A89: ESSVE | B89: HEX | C89: Sekskanthode, C4 | D89: 3 | E89: 8 | F89: 120 | G89: 15 | H89: 21.7 | I89: 10.6 | J89: 10.8 | K89: 19 | L89: 50
A90: ESSVE | B90: HEX | C90: Sekskanthode, C4 | D90: 3 | E90: 8 | F90: 160 | G90: 15 | H90: 21.7 | I90: 10.6 | J90: 10.8 | K90: 19 | L90: 50
A91: ESSVE | B91: HEX | C91: Sekskanthode, C4 | D91: 3 | E91: 8 | F91: 200 | G91: 15 | H91: 21.7 | I91: 10.6 | J91: 10.8 | K91: 19 | L91: 50
A92: ESSVE | B92: HEX | C92: Sekskanthode, C4 | D92: 3 | E92: 8 | F92: 240 | G92: 15 | H92: 21.7 | I92: 10.6 | J92: 10.8 | K92: 19 | L92: 50
A93: ESSVE | B93: HEX | C93: Sekskanthode, C4 | D93: 3 | E93: 10 | F93: 80 | G93: 18 | H93: 33.5 | I93: 9.1 | J93: 13.7 | K93: 25 | L93: 60
... A180: ESSVE | B180: ESSDRIVE PH FZB | C180: Panhode | D180: 2 | E180: 6 | F180: 100 | G180: 12 | H180: 8.5 | I180: 15.6 | J180: 27.1 | K180: 11.5 | L180: 52
A181: ESSVE | B181: ESSDRIVE UTV SH A2 | C181: Senkhode | D181: 3 | E181: 3 | F181: 16 | G181: 6 | L181: 13
A182: ESSVE | B182: ESSDRIVE UTV SH A2 | C182: Senkhode | D182: 3 | E182: 3 | F182: 20 | G182: 6 | L182: 17
A183: ESSVE | B183: ESSDRIVE UTV SH A2 | C183: Senkhode | D183: 3 | E183: 3 | F183: 30 | G183: 6 | L183: 18
A184: ESSVE | B184: ESSDRIVE UTV SH A2 | C184: Senkhode | D184: 3 | E184: 3 | F184: 40 | G184: 6 | L184: 24
A185: ESSVE | B185: ESSDRIVE UTV SH A2 | C185: Senkhode | D185: 3 | E185: 3.5 | F185: 20 | G185: 7 | H185: 1.3 | I185: 15.4 | J185: 25.8 | K185: 2.4 | L185: 16
A186: ESSVE | B186: ESSDRIVE UTV SH A2 | C186: Senkhode | D186: 3 | E186: 3.5 | F186: 30 | G186: 7 | H186: 1.3 | I186: 15.4 | J186: 25.8 | K186: 2.4 | L186: 18
A187: ESSVE | B187: ESSDRIVE UTV SH A2 | C187: Senkhode | D187: 3 | E187: 3.5 | F187: 40 | G187: 7 | H187: 1.3 | I187: 15.4 | J187: 25.8 | K187: 2.4 | L187: 24
A188: ESSVE | B188: ESSDRIVE UTV SH A2 | C188: Senkhode | D188: 3 | E188: 4 | F188: 20 | G188: 8 | H188: 2.4 | I188: 16.7 | J188: 25.3 | K188: 3.4 | L188: 16
A189: ESSVE | B189: ESSDRIVE UTV SH A2 | C189: Senkhode | D189: 3 | E189: 4 | F189: 30 | G189: 8 | H189: 2.4 | I189: 16.7 | J189: 25.3 | K189: 3.4 | L189: 18
A190: ESSVE | B190: ESSDRIVE UTV SH A2 | C190: Senkhode | D190: 3 | E190: 4 | F190: 40 | G190: 8 | H190: 2.4 | I190: 16.7 | J190: 25.3 | K190: 3.4 | L190: 24
A191: ESSVE | B191: ESSDRIVE UTV SH A2 | C191: Senkhode | D191: 3 | E191: 4 | F191: 45 | G191: 8 | H191: 2.4 | I191: 16.7 | J191: 25.3 | K191: 3.4 | L191: 30
A192: ESSVE | B192: ESSDRIVE UTV SH A2 | C192: Senkhode | D192: 3 | E192: 4 | F192: 50 | G192: 8 | H192: 2.4 | I192: 16.7 | J192: 25.3 | K192: 3.4 | L192: 30
A193: ESSVE | B193: ESSDRIVE UTV SH A2 | C193: Senkhode | D193: 3 | E193: 4.5 | F193: 30 | G193: 9 | L193: 18
A194: ESSVE | B194: ESSDRIVE UTV SH A2 | C194: Senkhode | D194: 3 | E194: 4.5 | F194: 40 | G194: 9 | L194: 24
A195: ESSVE | B195: ESSDRIVE UTV SH A2 | C195: Senkhode | D195: 3 | E195: 4.5 | F195: 50 | G195: 9 | L195: 30
A196: ESSVE | B196: ESSDRIVE UTV SH A2 | C196: Senkhode | D196: 3 | E196: 4.5 | F196: 60 | G196: 9 | L196: 36
A197: ESSVE | B197: ESSDRIVE UTV SH A2 | C197: Senkhode | D197: 3 | E197: 4.5 | F197: 70 | G197: 9 | L197: 42
A198: ESSVE | B198: ESSDRIVE UTV SH A2 | C198: Senkhode | D198: 3 | E198: 5 | F198: 40 | G198: 10 | H198: 3.3 | I198: 15.6 | J198: 23.5 | K198: 4.8 | L198: 24
A199: ESSVE | B199: ESSDRIVE UTV SH A2 | C199: Senkhode | D199: 3 | E199: 5 | F199: 50 | G199: 10 | H199: 3.3 | I199: 15.6 | J199: 23.5 | K199: 4.8 | L199: 30
A200: ESSVE | B200: ESSDRIVE UTV SH A2 | C200: Senkhode | D200: 3 | E200: 5 | F200: 60 | G200: 10 | H200: 3.3 | I200: 15.6 | J200: 23.5 | K200: 4.8 | L200: 36
A201: ESSVE | B201: ESSDRIVE UTV SH A2 | C201: Senkhode | D201: 3 | E201: 5 | F201: 70 | G201: 10 | H201: 3.3 | I201: 15.6 | J201: 23.5 | K201: 4.8 | L201: 42
A202: ESSVE | B202: ESSDRIVE UTV SH A2 | C202: Senkhode | D202: 3 | E202: 5 | F202: 80 | G202: 10 | H202: 3.3 | I202: 15.6 | J202: 23.5 | K202: 4.8 | L202: 50
A203: ESSVE | B203: ESSDRIVE UTV SH A2 | C203: Senkhode | D203: 3 | E203: 5 | F203: 90 | G203: 10 | H203: 3.3 | I203: 15.6 | J203: 23.5 | K203: 4.8 | L203: 42
A204: ESSVE | B204: ESSDRIVE UTV SH A2 | C204: Senkhode | D204: 3 | E204: 5 | F204: 100 | G204: 10 | H204: 3.3 | I204: 15.6 | J204: 23.5 | K204: 4.8 | L204: 52
A205: ESSVE | B205: ESSDRIVE UTV SH A2 | C205: Senkhode | D205: 3 | E205: 6 | F205: 50 | G205: 12 | H205: 6.2 | I205: 15.7 | J205: 22 | K205: 6.9 | L205: 30
A206: ESSVE | B206: ESSDRIVE UTV SH A2 | C206: Senkhode | D206: 3 | E206: 6 | F206: 60 | G206: 12 | H206: 6.2 | I206: 15.7 | J206: 22 | K206: 6.9 | L206: 36
A207: ESSVE | B207: ESSDRIVE UTV SH A2 | C207: Senkhode | D207: 3 | E207: 6 | F207: 70 | G207: 12 | H207: 6.2 | I207: 15.7 | J207: 22 | K207: 6.9 | L207: 42
A208: ESSVE | B208: ESSDRIVE UTV SH A2 | C208: Senkhode | D208: 3 | E208: 6 | F208: 80 | G208: 12 | H208: 6.2 | I208: 15.7 | J208: 22 | K208: 6.9 | L208: 42
A209: ESSVE | B209: ESSDRIVE UTV SH A2 | C209: Senkhode | D209: 3 | E209: 6 | F209: 90 | G209: 12 | H209: 6.2 | I209: 15.7 | J209: 22 | K209: 6.9 | L209: 42
... A213: ESSVE | B213: ESSDRIVE UTV SH A2 | C213: Senkhode | D213: 3 | E213: 6 | F213: 140 | G213: 12 | H213: 6.2 | I213: 15.7 | J213: 22 | K213: 6.9 | L213: 72
A214: ESSVE | B214: INV PH FZB | C214: Helgjenget panhode | D214: 2 | E214: 3 | F214: 10 | G214: 6 | H214: 1.7 | I214: 16.3 | J214: 23.5 | K214: 3.1 | L214: =F214 -> 10
A215: ESSVE | B215: INV PH FZB | C215: Helgjenget panhode | D215: 2 | E215: 3 | F215: 12 | G215: 6 | H215: 1.7 | I215: 16.3 | J215: 23.5 | K215: 3.1 | L215: =F215 -> 12
A216: ESSVE | B216: INV PH FZB | C216: Helgjenget panhode | D216: 2 | E216: 3 | F216: 16 | G216: 6 | H216: 1.7 | I216: 16.3 | J216: 23.5 | K216: 3.1 | L216: =F216 -> 16
A217: ESSVE | B217: INV PH FZB | C217: Helgjenget panhode | D217: 2 | E217: 3 | F217: 20 | G217: 6 | H217: 1.7 | I217: 16.3 | J217: 23.5 | K217: 3.1 | L217: =F217 -> 20
A218: ESSVE | B218: INV PH FZB | C218: Helgjenget panhode | D218: 2 | E218: 3 | F218: 25 | G218: 6 | H218: 1.7 | I218: 16.3 | J218: 23.5 | K218: 3.1 | L218: =F218 -> 25
A219: ESSVE | B219: INV PH FZB | C219: Helgjenget panhode | D219: 2 | E219: 3 | F219: 30 | G219: 6 | H219: 1.7 | I219: 16.3 | J219: 23.5 | K219: 3.1 | L219: =F219 -> 30
A220: ESSVE | B220: INV PH FZB | C220: Helgjenget panhode | D220: 2 | E220: 3.5 | F220: 12 | G220: 7 | H220: 2.2 | I220: 16 | J220: 22.6 | K220: 3.7 | L220: =F220 -> 12
A221: ESSVE | B221: INV PH FZB | C221: Helgjenget panhode | D221: 2 | E221: 3.5 | F221: 16 | G221: 7 | H221: 2.2 | I221: 16 | J221: 22.6 | K221: 3.7 | L221: =F221 -> 16
A222: ESSVE | B222: INV PH FZB | C222: Helgjenget panhode | D222: 2 | E222: 3.5 | F222: 20 | G222: 7 | H222: 2.2 | I222: 16 | J222: 22.6 | K222: 3.7 | L222: =F222 -> 20
A223: ESSVE | B223: INV PH FZB | C223: Helgjenget panhode | D223: 2 | E223: 3.5 | F223: 25 | G223: 7 | H223: 2.2 | I223: 16 | J223: 22.6 | K223: 3.7 | L223: =F223 -> 25
A224: ESSVE | B224: INV PH FZB | C224: Helgjenget panhode | D224: 2 | E224: 3.5 | F224: 30 | G224: 7 | H224: 2.2 | I224: 16 | J224: 22.6 | K224: 3.7 | L224: =F224 -> 30
A225: ESSVE | B225: INV PH FZB | C225: Helgjenget panhode | D225: 2 | E225: 3.5 | F225: 35 | G225: 7 | H225: 2.2 | I225: 16 | J225: 22.6 | K225: 3.7 | L225: =F225 -> 35
... A263: ESSVE | B263: INV PH FZB | C263: Helgjenget panhode | D263: 2 | E263: 6 | F263: 90 | G263: 12 | H263: 10.8 | I263: 14.4 | J263: 19.8 | K263: 11.1 | L263: =F263 -> 90
A264: ESSVE | B264: ESSDRIVE UTV CS | C264: Utvendig senkhode CorrSeal | D264: 3 | E264: 4 | F264: 30 | G264: 8 | H264: 2.2 | I264: 13.6 | J264: 25.5 | K264: 4.8 | L264: 18
A265: ESSVE | B265: ESSDRIVE UTV CS | C265: Utvendig senkhode CorrSeal | D265: 3 | E265: 4 | F265: 40 | G265: 8 | H265: 2.2 | I265: 13.6 | J265: 25.5 | K265: 4.8 | L265: 24
A266: ESSVE | B266: ESSDRIVE UTV CS | C266: Utvendig senkhode CorrSeal | D266: 3 | E266: 4 | F266: 50 | G266: 8 | H266: 2.2 | I266: 13.6 | J266: 25.5 | K266: 4.8 | L266: 30
A267: ESSVE | B267: ESSDRIVE UTV CS | C267: Utvendig senkhode CorrSeal | D267: 3 | E267: 4.5 | F267: 40 | G267: 9 | H267: 3.4 | I267: 13 | J267: 24.5 | K267: 6.3 | L267: 30
A268: ESSVE | B268: ESSDRIVE UTV CS | C268: Utvendig senkhode CorrSeal | D268: 3 | E268: 4.5 | F268: 50 | G268: 9 | H268: 3.4 | I268: 13 | J268: 24.5 | K268: 6.3 | L268: 30
A269: ESSVE | B269: ESSDRIVE UTV CS | C269: Utvendig senkhode CorrSeal | D269: 3 | E269: 4.5 | F269: 60 | G269: 9 | H269: 3.4 | I269: 13 | J269: 24.5 | K269: 6.3 | L269: 36
A270: ESSVE | B270: ESSDRIVE UTV CS | C270: Utvendig senkhode CorrSeal | D270: 3 | E270: 4.5 | F270: 70 | G270: 9 | H270: 3.4 | I270: 13 | J270: 24.5 | K270: 6.3 | L270: 42
A271: ESSVE | B271: ESSDRIVE UTV CS | C271: Utvendig senkhode CorrSeal | D271: 3 | E271: 5 | F271: 40 | G271: 10 | H271: 5 | I271: 16.5 | J271: 22.4 | K271: 7.8 | L271: 30
A272: ESSVE | B272: ESSDRIVE UTV CS | C272: Utvendig senkhode CorrSeal | D272: 3 | E272: 5 | F272: 50 | G272: 10 | H272: 5 | I272: 16.5 | J272: 22.4 | K272: 7.8 | L272: 30
A273: ESSVE | B273: ESSDRIVE UTV CS | C273: Utvendig senkhode CorrSeal | D273: 3 | E273: 5 | F273: 60 | G273: 10 | H273: 5 | I273: 16.5 | J273: 22.4 | K273: 7.8 | L273: 36
A274: ESSVE | B274: ESSDRIVE UTV CS | C274: Utvendig senkhode CorrSeal | D274: 3 | E274: 5 | F274: 70 | G274: 10 | H274: 5 | I274: 16.5 | J274: 22.4 | K274: 7.8 | L274: 42
A275: ESSVE | B275: ESSDRIVE UTV CS | C275: Utvendig senkhode CorrSeal | D275: 3 | E275: 5 | F275: 80 | G275: 10 | H275: 5 | I275: 16.5 | J275: 22.4 | K275: 7.8 | L275: 50
... A306: ESSVE | B306: ESSDRIVE SH FZB | C306: Innvendig senkhode | D306: 1 | E306: 4 | F306: 30 | G306: 8 | H306: 2.7 | I306: 17.1 | J306: 22.7 | K306: 4.7 | L306: 18
A307: ESSVE | B307: ESSDRIVE SH FZB | C307: Innvendig senkhode | D307: 1 | E307: 4 | F307: 35 | G307: 8 | H307: 2.7 | I307: 17.1 | J307: 22.7 | K307: 4.7 | L307: 24 | Y307: 100
A308: ESSVE | B308: ESSDRIVE SH FZB | C308: Innvendig senkhode | D308: 1 | E308: 4 | F308: 40 | G308: 8 | H308: 2.7 | I308: 17.1 | J308: 22.7 | K308: 4.7 | L308: 24 | Y308: 100
A309: ESSVE | B309: ESSDRIVE SH FZB | C309: Innvendig senkhode | D309: 1 | E309: 4 | F309: 45 | G309: 8 | H309: 2.7 | I309: 17.1 | J309: 22.7 | K309: 4.7 | L309: 30 | Y309: 100
A310: ESSVE | B310: ESSDRIVE SH FZB | C310: Innvendig senkhode | D310: 1 | E310: 4 | F310: 50 | G310: 8 | H310: 2.7 | I310: 17.1 | J310: 22.7 | K310: 4.7 | L310: 30 | Y310: 100
...

Sheet Eurotec Screws
A1: Producer | B1: Product | C1: Detailinformation | D1: Highest service class | E1: d | F1: l | G1: dh | H1: My,Rk [Nm] | I1: faxk[N/mm^2] | J1: fhead,k[N/mm^2] | K1: ftens,k[kN] | L1: l1 | M1: l3 | N1: f_uk | O1: Bmax
A2: EUROTEC | B2: KonstruX ST ZK | C2: Fully threaded screw, Cylinder head, galvanized | D2: 2 | E2: 5.2 | F2: 80 | G2: 6.4 | H2: 10 | I2: 15.5 | J2: 12 | K2: 13 | L2: =F2-5.5 -> 74.5
A3: EUROTEC | B3: KonstruX ST ZK | C3: Fully threaded screw, Cylinder head, galvanized | D3: 2 | E3: 5.2 | F3: 100 | G3: 6.4 | H3: 10 | I3: 15.5 | J3: 12 | K3: 13 | L3: =F3-5.5 -> 94.5
A4: EUROTEC | B4: KonstruX ST ZK | C4: Fully threaded screw, Cylinder head, galvanized | D4: 2 | E4: 5.2 | F4: 120 | G4: 6.4 | H4: 10 | I4: 15.5 | J4: 12 | K4: 13 | L4: =F4-5.5 -> 114.5
A5: EUROTEC | B5: KonstruX ST ZK | C5: Fully threaded screw, Cylinder head, galvanized | D5: 2 | E5: 5.2 | F5: 140 | G5: 6.4 | H5: 10 | I5: 15.5 | J5: 12 | K5: 13 | L5: =F5-5.5 -> 134.5
A6: EUROTEC | B6: KonstruX ST ZK | C6: Fully threaded screw, Cylinder head, galvanized | D6: 2 | E6: 5.2 | F6: 160 | G6: 6.4 | H6: 10 | I6: 15.5 | J6: 12 | K6: 13 | L6: =F6-5.5 -> 154.5
A7: EUROTEC | B7: KonstruX ST ZK | C7: Fully threaded screw, Cylinder head, galvanized | D7: 2 | E7: 5.9 | F7: 80 | G7: 8 | H7: 10 | I7: 15.5 | J7: 12 | K7: 17 | L7: =F7-5.5 -> 74.5
A8: EUROTEC | B8: KonstruX ST ZK | C8: Fully threaded screw, Cylinder head, galvanized | D8: 2 | E8: 5.9 | F8: 100 | G8: 8 | H8: 15 | I8: 15.5 | J8: 12 | K8: 17 | L8: =F8-5.5 -> 94.5
A9: EUROTEC | B9: KonstruX ST ZK | C9: Fully threaded screw, Cylinder head, galvanized | D9: 2 | E9: 5.9 | F9: 120 | G9: 8 | H9: 15 | I9: 15.5 | J9: 12 | K9: 17 | L9: =F9-5.5 -> 114.5
A10: EUROTEC | B10: KonstruX ST ZK | C10: Fully threaded screw, Cylinder head, galvanized | D10: 2 | E10: 5.9 | F10: 140 | G10: 8 | H10: 15 | I10: 15.5 | J10: 12 | K10: 17 | L10: =F10-5.5 -> 134.5
A11: EUROTEC | B11: KonstruX ST ZK | C11: Fully threaded screw, Cylinder head, galvanized | D11: 2 | E11: 5.9 | F11: 160 | G11: 8 | H11: 15 | I11: 15.5 | J11: 12 | K11: 17 | L11: =F11-5.5 -> 154.5
A12: EUROTEC | B12: KonstruX ST ZK | C12: Fully threaded screw, Cylinder head, galvanized | D12: 2 | E12: 5.9 | F12: 180 | G12: 8 | H12: 15 | I12: 15.5 | J12: 12 | K12: 17 | L12: =F12-5.5 -> 174.5
A13: EUROTEC | B13: KonstruX ST ZK | C13: Fully threaded screw, Cylinder head, galvanized | D13: 2 | E13: 5.9 | F13: 200 | G13: 8 | H13: 15 | I13: 15.5 | J13: 12 | K13: 17 | L13: =F13-5.5 -> 194.5
... A23: EUROTEC | B23: KonstruX ST ZK | C23: Fully threaded screw, Cylinder head, galvanized | D23: 2 | E23: 6.5 | F23: 260 | G23: 8 | H23: 15 | I23: 11.4 | J23: 12 | K23: 17 | L23: =F23-5.5 -> 254.5
A24: EUROTEC | B24: KonstruX ST ZK | C24: Fully threaded screw, Cylinder head, galvanized | D24: 2 | E24: 8 | F24: 155 | G24: 10 | H24: 25 | I24: 11.1 | J24: 12 | K24: 25 | L24: =F24-6.5 -> 148.5
A25: EUROTEC | B25: KonstruX ST ZK | C25: Fully threaded screw, Cylinder head, galvanized | D25: 2 | E25: 8 | F25: 195 | G25: 10 | H25: 25 | I25: 11.1 | J25: 12 | K25: 25 | L25: =F25-6.5 -> 188.5
A26: EUROTEC | B26: KonstruX ST ZK | C26: Fully threaded screw, Cylinder head, galvanized | D26: 2 | E26: 8 | F26: 220 | G26: 10 | H26: 25 | I26: 11.1 | J26: 12 | K26: 25 | L26: =F26-6.5 -> 213.5
A27: EUROTEC | B27: KonstruX ST ZK | C27: Fully threaded screw, Cylinder head, galvanized | D27: 2 | E27: 8 | F27: 245 | G27: 10 | H27: 25 | I27: 11.1 | J27: 12 | K27: 25 | L27: =F27-6.5 -> 238.5
A28: EUROTEC | B28: KonstruX ST ZK | C28: Fully threaded screw, Cylinder head, galvanized | D28: 2 | E28: 8 | F28: 295 | G28: 10 | H28: 25 | I28: 11.1 | J28: 12 | K28: 25 | L28: =F28-6.5 -> 288.5
A29: EUROTEC | B29: KonstruX ST ZK | C29: Fully threaded screw, Cylinder head, galvanized | D29: 2 | E29: 8 | F29: 330 | G29: 10 | H29: 25 | I29: 11.1 | J29: 12 | K29: 25 | L29: =F29-6.5 -> 323.5
A30: EUROTEC | B30: KonstruX ST ZK | C30: Fully threaded screw, Cylinder head, galvanized | D30: 2 | E30: 8 | F30: 375 | G30: 10 | H30: 25 | I30: 11.1 | J30: 12 | K30: 25 | L30: =F30-6.5 -> 368.5
A31: EUROTEC | B31: KonstruX ST ZK | C31: Fully threaded screw, Cylinder head, galvanized | D31: 2 | E31: 8 | F31: 400 | G31: 10 | H31: 25 | I31: 11.1 | J31: 12 | K31: 25 | L31: =F31-6.5 -> 393.5
A32: EUROTEC | B32: KonstruX ST ZK | C32: Fully threaded screw, Cylinder head, galvanized | D32: 2 | E32: 8 | F32: 430 | G32: 10 | H32: 25 | I32: 11.1 | J32: 12 | K32: 25 | L32: =F32-6.5 -> 423.5
A33: EUROTEC | B33: KonstruX ST ZK | C33: Fully threaded screw, Cylinder head, galvanized | D33: 2 | E33: 8 | F33: 480 | G33: 10 | H33: 25 | I33: 11.1 | J33: 12 | K33: 25 | L33: =F33-6.5 -> 473.5
A34: EUROTEC | B34: KonstruX ST ZK | C34: Fully threaded screw, Cylinder head, galvanized | D34: 2 | E34: 8 | F34: 530 | G34: 10 | H34: 25 | I34: 11.1 | J34: 12 | K34: 25 | L34: =F34-6.5 -> 523.5
A35: EUROTEC | B35: KonstruX ST ZK | C35: Fully threaded screw, Cylinder head, galvanized | D35: 2 | E35: 8 | F35: 580 | G35: 10 | H35: 25 | I35: 11.1 | J35: 12 | K35: 25 | L35: =F35-6.5 -> 573.5
... A53: EUROTEC | B53: KonstruX ST ZK | C53: Fully threaded screw, Cylinder head, galvanized | D53: 2 | E53: 10 | F53: 1000 | G53: 13 | H53: 40 | I53: 10.8 | J53: 12 | K53: 33 | L53: =F53-6.5 -> 993.5
A54: EUROTEC | B54: KonstruX ST SK | C54: Fully threaded screw, Countersunk head, galvanized | D54: 2 | E54: 5.2 | F54: 80 | G54: 6.4 | H54: 10 | I54: 15.5 | J54: 12 | K54: 13 | L54: =F54-5.5 -> 74.5
A55: EUROTEC | B55: KonstruX ST SK | C55: Fully threaded screw, Countersunk head, galvanized | D55: 2 | E55: 5.2 | F55: 100 | G55: 6.4 | H55: 10 | I55: 15.5 | J55: 12 | K55: 13 | L55: =F55-5.5 -> 94.5
A56: EUROTEC | B56: KonstruX ST SK | C56: Fully threaded screw, Countersunk head, galvanized | D56: 2 | E56: 5.2 | F56: 120 | G56: 6.4 | H56: 10 | I56: 15.5 | J56: 12 | K56: 13 | L56: =F56-5.5 -> 114.5
A57: EUROTEC | B57: KonstruX ST SK | C57: Fully threaded screw, Countersunk head, galvanized | D57: 2 | E57: 5.2 | F57: 140 | G57: 6.4 | H57: 10 | I57: 15.5 | J57: 12 | K57: 13 | L57: =F57-5.5 -> 134.5
A58: EUROTEC | B58: KonstruX ST SK | C58: Fully threaded screw, Countersunk head, galvanized | D58: 2 | E58: 5.2 | F58: 160 | G58: 6.4 | H58: 10 | I58: 15.5 | J58: 12 | K58: 13 | L58: =F58-5.5 -> 154.5
A59: EUROTEC | B59: KonstruX ST SK | C59: Fully threaded screw, Countersunk head, galvanized | D59: 2 | E59: 6.5 | F59: 80 | G59: 11.5 | H59: 15 | I59: 15.5 | J59: 12 | K59: 17 | L59: =F59-5.5 -> 74.5
A60: EUROTEC | B60: KonstruX ST SK | C60: Fully threaded screw, Countersunk head, galvanized | D60: 2 | E60: 6.5 | F60: 100 | G60: 11.5 | H60: 15 | I60: 15.5 | J60: 12 | K60: 17 | L60: =F60-5.5 -> 94.5
A61: EUROTEC | B61: KonstruX ST SK | C61: Fully threaded screw, Countersunk head, galvanized | D61: 2 | E61: 6.5 | F61: 120 | G61: 11.5 | H61: 15 | I61: 15.5 | J61: 12 | K61: 17 | L61: =F61-5.5 -> 114.5
A62: EUROTEC | B62: KonstruX ST SK | C62: Fully threaded screw, Countersunk head, galvanized | D62: 2 | E62: 6.5 | F62: 140 | G62: 11.5 | H62: 15 | I62: 15.5 | J62: 12 | K62: 17 | L62: =F62-5.5 -> 134.5
A63: EUROTEC | B63: KonstruX ST SK | C63: Fully threaded screw, Countersunk head, galvanized | D63: 2 | E63: 8 | F63: 95 | G63: 14.5 | H63: 25 | I63: 12.5 | J63: 12 | K63: 25 | L63: =F63-7.4 -> 87.6
A64: EUROTEC | B64: KonstruX ST SK | C64: Fully threaded screw, Countersunk head, galvanized | D64: 2 | E64: 8 | F64: 125 | G64: 14.5 | H64: 25 | I64: 12.5 | J64: 12 | K64: 25 | L64: =F64-7.4 -> 117.6
A65: EUROTEC | B65: KonstruX ST SK | C65: Fully threaded screw, Countersunk head, galvanized | D65: 2 | E65: 8 | F65: 155 | G65: 14.5 | H65: 25 | I65: 12.5 | J65: 12 | K65: 25 | L65: =F65-7.4 -> 147.6
A66: EUROTEC | B66: KonstruX ST SK | C66: Fully threaded screw, Countersunk head, galvanized | D66: 2 | E66: 8 | F66: 195 | G66: 14.5 | H66: 25 | I66: 12.5 | J66: 12 | K66: 25 | L66: =F66-7.4 -> 187.6
A67: EUROTEC | B67: KonstruX ST SK | C67: Fully threaded screw, Countersunk head, galvanized | D67: 2 | E67: 8 | F67: 220 | G67: 14.5 | H67: 25 | I67: 12.5 | J67: 12 | K67: 25 | L67: =F67-7.4 -> 212.6
A68: EUROTEC | B68: KonstruX ST SK | C68: Fully threaded screw, Countersunk head, galvanized | D68: 2 | E68: 8 | F68: 245 | G68: 14.5 | H68: 25 | I68: 12.5 | J68: 12 | K68: 25 | L68: =F68-7.4 -> 237.6
A69: EUROTEC | B69: KonstruX ST SK | C69: Fully threaded screw, Countersunk head, galvanized | D69: 2 | E69: 8 | F69: 270 | G69: 14.5 | H69: 25 | I69: 12.5 | J69: 12 | K69: 25 | L69: =F69-7.4 -> 262.6
A70: EUROTEC | B70: KonstruX ST SK | C70: Fully threaded screw, Countersunk head, galvanized | D70: 2 | E70: 8 | F70: 295 | G70: 14.5 | H70: 25 | I70: 12.5 | J70: 12 | K70: 25 | L70: =F70-7.4 -> 287.6
A71: EUROTEC | B71: KonstruX ST SK | C71: Fully threaded screw, Countersunk head, galvanized | D71: 2 | E71: 8 | F71: 330 | G71: 14.5 | H71: 25 | I71: 12.5 | J71: 12 | K71: 25 | L71: =F71-7.4 -> 322.6
A72: EUROTEC | B72: KonstruX ST SK | C72: Fully threaded screw, Countersunk head, galvanized | D72: 2 | E72: 8 | F72: 375 | G72: 14.5 | H72: 25 | I72: 12.5 | J72: 12 | K72: 25 | L72: =F72-7.4 -> 367.6
A73: EUROTEC | B73: KonstruX ST SK | C73: Fully threaded screw, Countersunk head, galvanized | D73: 2 | E73: 8 | F73: 400 | G73: 14.5 | H73: 25 | I73: 12.5 | J73: 12 | K73: 25 | L73: =F73-7.4 -> 392.6
A74: EUROTEC | B74: KonstruX ST SK | C74: Fully threaded screw, Countersunk head, galvanized | D74: 2 | E74: 8 | F74: 430 | G74: 14.5 | H74: 25 | I74: 12.5 | J74: 12 | K74: 25 | L74: =F74-7.4 -> 422.6
... A76: EUROTEC | B76: KonstruX ST SK | C76: Fully threaded screw, Countersunk head, galvanized | D76: 2 | E76: 8 | F76: 545 | G76: 14.5 | H76: 25 | I76: 12.5 | J76: 12 | K76: 25 | L76: =F76-7.4 -> 537.6
A77: EUROTEC | B77: KonstruX ST SK | C77: Fully threaded screw, Countersunk head, galvanized | D77: 2 | E77: 10 | F77: 125 | G77: 17.8 | H77: 40 | I77: 11.5 | J77: 12 | K77: 33 | L77: 113
A78: EUROTEC | B78: KonstruX ST SK | C78: Fully threaded screw, Countersunk head, galvanized | D78: 2 | E78: 10 | F78: 155 | G78: 17.8 | H78: 40 | I78: 11.5 | J78: 12 | K78: 33 | L78: 143
A79: EUROTEC | B79: KonstruX ST SK | C79: Fully threaded screw, Countersunk head, galvanized | D79: 2 | E79: 10 | F79: 195 | G79: 17.8 | H79: 40 | I79: 11.5 | J79: 12 | K79: 33 | L79: 183
A80: EUROTEC | B80: KonstruX ST SK | C80: Fully threaded screw, Countersunk head, galvanized | D80: 2 | E80: 10 | F80: 220 | G80: 17.8 | H80: 40 | I80: 11.5 | J80: 12 | K80: 33 | L80: 208
A81: EUROTEC | B81: KonstruX ST SK | C81: Fully threaded screw, Countersunk head, galvanized | D81: 2 | E81: 10 | F81: 245 | G81: 17.8 | H81: 40 | I81: 11.5 | J81: 12 | K81: 33 | L81: 233
A82: EUROTEC | B82: KonstruX ST SK | C82: Fully threaded screw, Countersunk head, galvanized | D82: 2 | E82: 10 | F82: 270 | G82: 17.8 | H82: 40 | I82: 11.5 | J82: 12 | K82: 33 | L82: 258
A83: EUROTEC | B83: KonstruX ST SK | C83: Fully threaded screw, Countersunk head, galvanized | D83: 2 | E83: 10 | F83: 300 | G83: 17.8 | H83: 40 | I83: 11.5 | J83: 12 | K83: 33 | L83: 277
A84: EUROTEC | B84: KonstruX ST SK | C84: Fully threaded screw, Countersunk head, galvanized | D84: 2 | E84: 10 | F84: 330 | G84: 17.8 | H84: 40 | I84: 11.5 | J84: 12 | K84: 33 | L84: 307
A85: EUROTEC | B85: KonstruX ST SK | C85: Fully threaded screw, Countersunk head, galvanized | D85: 2 | E85: 10 | F85: 360 | G85: 17.8 | H85: 40 | I85: 11.5 | J85: 12 | K85: 33 | L85: 337
A86: EUROTEC | B86: KonstruX ST SK | C86: Fully threaded screw, Countersunk head, galvanized | D86: 2 | E86: 10 | F86: 400 | G86: 17.8 | H86: 40 | I86: 11.5 | J86: 12 | K86: 33 | L86: 377
A87: EUROTEC | B87: KonstruX ST SK | C87: Fully threaded screw, Countersunk head, galvanized | D87: 2 | E87: 10 | F87: 450 | G87: 17.8 | H87: 40 | I87: 11.5 | J87: 12 | K87: 33 | L87: 427
A88: EUROTEC | B88: KonstruX ST SK | C88: Fully threaded screw, Countersunk head, galvanized | D88: 2 | E88: 10 | F88: 500 | G88: 17.8 | H88: 40 | I88: 11.5 | J88: 12 | K88: 33 | L88: 477
... A96: EUROTEC | B96: KonstruX ST SK | C96: Fully threaded screw, Countersunk head, galvanized | D96: 2 | E96: 10 | F96: 1000 | G96: 17.8 | H96: 40 | I96: 11.5 | J96: 12 | K96: 33 | L96: 977
A97: EUROTEC | B97: KonstruX AG SK | C97: Fully threaded screw, Countersunk head, galvanized | D97: 2 | E97: 11.3 | F97: 175 | G97: 18 | H97: 70 | I97: 10.8 | J97: 12 | K97: 50 | L97: =F97-7 -> 168
A98: EUROTEC | B98: KonstruX AG SK | C98: Fully threaded screw, Countersunk head, galvanized | D98: 2 | E98: 11.3 | F98: 195 | G98: 18 | H98: 70 | I98: 10.8 | J98: 12 | K98: 50 | L98: =F98-7 -> 188
A99: EUROTEC | B99: KonstruX AG SK | C99: Fully threaded screw, Countersunk head, galvanized | D99: 2 | E99: 11.3 | F99: 225 | G99: 18 | H99: 70 | I99: 10.8 | J99: 12 | K99: 50 | L99: =F99-7 -> 218
A100: EUROTEC | B100: KonstruX AG SK | C100: Fully threaded screw, Countersunk head, galvanized | D100: 2 | E100: 11.3 | F100: 250 | G100: 18 | H100: 70 | I100: 10.8 | J100: 12 | K100: 50 | L100: =F100-7 -> 243
A101: EUROTEC | B101: KonstruX AG SK | C101: Fully threaded screw, Countersunk head, galvanized | D101: 2 | E101: 11.3 | F101: 275 | G101: 18 | H101: 70 | I101: 10.8 | J101: 12 | K101: 50 | L101: =F101-7 -> 268
A102: EUROTEC | B102: KonstruX AG SK | C102: Fully threaded screw, Countersunk head, galvanized | D102: 2 | E102: 11.3 | F102: 300 | G102: 18 | H102: 70 | I102: 10.8 | J102: 12 | K102: 50 | L102: =F102-7 -> 293
A103: EUROTEC | B103: KonstruX AG SK | C103: Fully threaded screw, Countersunk head, galvanized | D103: 2 | E103: 11.3 | F103: 340 | G103: 18 | H103: 70 | I103: 10.8 | J103: 12 | K103: 50 | L103: =F103-7 -> 333
A104: EUROTEC | B104: KonstruX AG SK | C104: Fully threaded screw, Countersunk head, galvanized | D104: 2 | E104: 11.3 | F104: 380 | G104: 18 | H104: 70 | I104: 10.8 | J104: 12 | K104: 50 | L104: =F104-7 -> 373
A105: EUROTEC | B105: KonstruX AG SK | C105: Fully threaded screw, Countersunk head, galvanized | D105: 2 | E105: 11.3 | F105: 420 | G105: 18 | H105: 70 | I105: 10.8 | J105: 12 | K105: 50 | L105: =F105-7 -> 413
A106: EUROTEC | B106: KonstruX AG SK | C106: Fully threaded screw, Countersunk head, galvanized | D106: 2 | E106: 11.3 | F106: 460 | G106: 18 | H106: 70 | I106: 10.8 | J106: 12 | K106: 50 | L106: =F106-7 -> 453
A107: EUROTEC | B107: KonstruX AG SK | C107: Fully threaded screw, Countersunk head, galvanized | D107: 2 | E107: 11.3 | F107: 500 | G107: 18 | H107: 70 | I107: 10.8 | J107: 12 | K107: 50 | L107: =F107-7 -> 493
A108: EUROTEC | B108: KonstruX AG SK | C108: Fully threaded screw, Countersunk head, galvanized | D108: 2 | E108: 11.3 | F108: 540 | G108: 18 | H108: 70 | I108: 10.8 | J108: 12 | K108: 50 | L108: =F108-7 -> 533
... A116: EUROTEC | B116: KonstruX AG SK | C116: Fully threaded screw, Countersunk head, galvanized | D116: 2 | E116: 11.3 | F116: 1000 | G116: 18 | H116: 70 | I116: 10.8 | J116: 12 | K116: 50 | L116: =F116-7 -> 993
A117: EUROTEC | B117: KonstruX ST A4 CS | C117: Fully threaded screw, Countersunk head, A4 | D117: 3 | E117: 8 | F117: 95 | G117: 14.5 | H117: 16 | I117: 11.1 | J117: 12 | K117: 14 | L117: =F117-7.4 -> 87.6
A118: EUROTEC | B118: KonstruX ST A4 CS | C118: Fully threaded screw, Countersunk head, A4 | D118: 3 | E118: 8 | F118: 125 | G118: 14.5 | H118: 16 | I118: 11.1 | J118: 12 | K118: 14 | L118: =F118-7.4 -> 117.6
A119: EUROTEC | B119: KonstruX ST A4 CS | C119: Fully threaded screw, Countersunk head, A4 | D119: 3 | E119: 8 | F119: 155 | G119: 14.5 | H119: 16 | I119: 11.1 | J119: 12 | K119: 14 | L119: =F119-7.4 -> 147.6
A120: EUROTEC | B120: KonstruX ST A4 CS | C120: Fully threaded screw, Countersunk head, A4 | D120: 3 | E120: 8 | F120: 195 | G120: 14.5 | H120: 16 | I120: 11.1 | J120: 12 | K120: 14 | L120: =F120-7.4 -> 187.6
A121: EUROTEC | B121: KonstruX A4 CS | C121: Fully threaded screw, Countersunk head, A4 | D121: 3 | E121: 10 | F121: 160 | G121: 17.8 | H121: 26 | I121: 11.5 | J121: 12 | K121: 20 | L121: =F121-7.7 -> 152.3
A122: EUROTEC | B122: KonstruX A4 CS | C122: Fully threaded screw, Countersunk head, A4 | D122: 3 | E122: 10 | F122: 200 | G122: 17.8 | H122: 26 | I122: 11.5 | J122: 12 | K122: 20 | L122: =F122-7.7 -> 192.3
A123: EUROTEC | B123: KonstruX A4 CS | C123: Fully threaded screw, Countersunk head, A4 | D123: 3 | E123: 10 | F123: 220 | G123: 17.8 | H123: 26 | I123: 11.5 | J123: 12 | K123: 20 | L123: =F123-7.7 -> 212.3
A124: EUROTEC | B124: KonstruX A4 CS | C124: Fully threaded screw, Countersunk head, A4 | D124: 3 | E124: 10 | F124: 240 | G124: 17.8 | H124: 26 | I124: 11.5 | J124: 12 | K124: 20 | L124: =F124-7.7 -> 232.3
A125: EUROTEC | B125: KonstruX A4 CS | C125: Fully threaded screw, Countersunk head, A4 | D125: 3 | E125: 10 | F125: 260 | G125: 17.8 | H125: 26 | I125: 11.5 | J125: 12 | K125: 20 | L125: =F125-7.7 -> 252.3
A126: EUROTEC | B126: KonstruX A4 CS | C126: Fully threaded screw, Countersunk head, A4 | D126: 3 | E126: 10 | F126: 280 | G126: 17.8 | H126: 26 | I126: 11.5 | J126: 12 | K126: 20 | L126: =F126-7.7 -> 272.3
A127: EUROTEC | B127: KonstruX A4 CS | C127: Fully threaded screw, Countersunk head, A4 | D127: 3 | E127: 10 | F127: 300 | G127: 17.8 | H127: 26 | I127: 11.5 | J127: 12 | K127: 20 | L127: =F127-7.7 -> 292.3
A128: EUROTEC | B128: KonstruX A4 CS | C128: Fully threaded screw, Countersunk head, A4 | D128: 3 | E128: 10 | F128: 350 | G128: 17.8 | H128: 26 | I128: 11.5 | J128: 12 | K128: 20 | L128: =F128-7.7 -> 342.3
A129: EUROTEC | B129: KonstruX A4 CS | C129: Fully threaded screw, Countersunk head, A4 | D129: 3 | E129: 10 | F129: 400 | G129: 17.8 | H129: 26 | I129: 11.5 | J129: 12 | K129: 20 | L129: =F129-7.7 -> 392.3
A130: EUROTEC | B130: KonstruX A4 CS | C130: Fully threaded screw, Countersunk head, A4 | D130: 3 | E130: 10 | F130: 450 | G130: 17.8 | H130: 26 | I130: 11.5 | J130: 12 | K130: 20 | L130: =F130-7.7 -> 442.3
A131: EUROTEC | B131: KonstruX A4 CS | C131: Fully threaded screw, Countersunk head, A4 | D131: 3 | E131: 10 | F131: 500 | G131: 17.8 | H131: 26 | I131: 11.5 | J131: 12 | K131: 20 | L131: =F131-7.7 -> 492.3
A132: EUROTEC | B132: KonstruX ST A4 ZK | C132: Fully threaded screw, Cylinder head, A4 | D132: 3 | E132: 6.5 | F132: 140 | G132: 8 | H132: 10 | I132: 11.4 | J132: 12 | K132: 10 | L132: =F132-5.5 -> 134.5
A133: EUROTEC | B133: KonstruX ST A4 ZK | C133: Fully threaded screw, Cylinder head, A4 | D133: 3 | E133: 6.5 | F133: 160 | G133: 8 | H133: 10 | I133: 11.4 | J133: 12 | K133: 10 | L133: =F133-5.5 -> 154.5
A134: EUROTEC | B134: KonstruX ST A4 ZK | C134: Fully threaded screw, Cylinder head, A4 | D134: 3 | E134: 6.5 | F134: 195 | G134: 8 | H134: 10 | I134: 11.4 | J134: 12 | K134: 10 | L134: =F134-5.5 -> 189.5
A135: EUROTEC | B135: KonstruX ST A4 ZK | C135: Fully threaded screw, Cylinder head, A4 | D135: 3 | E135: 8 | F135: 155 | G135: 10 | H135: 16 | I135: 11.1 | J135: 12 | K135: 14 | L135: =F135-6.5 -> 148.5
A136: EUROTEC | B136: KonstruX ST A4 ZK | C136: Fully threaded screw, Cylinder head, A4 | D136: 3 | E136: 8 | F136: 195 | G136: 10 | H136: 16 | I136: 11.1 | J136: 12 | K136: 14 | L136: =F136-6.5 -> 188.5
A137: EUROTEC | B137: KonstruX ST A4 ZK | C137: Fully threaded screw, Cylinder head, A4 | D137: 3 | E137: 8 | F137: 220 | G137: 10 | H137: 16 | I137: 11.1 | J137: 12 | K137: 14 | L137: =F137-6.5 -> 213.5
A138: EUROTEC | B138: KonstruX ST A4 ZK | C138: Fully threaded screw, Cylinder head, A4 | D138: 3 | E138: 8 | F138: 245 | G138: 10 | H138: 16 | I138: 11.1 | J138: 12 | K138: 14 | L138: =F138-6.5 -> 238.5
A139: EUROTEC | B139: KonstruX ST A4 ZK | C139: Fully threaded screw, Cylinder head, A4 | D139: 3 | E139: 8 | F139: 270 | G139: 10 | H139: 16 | I139: 11.1 | J139: 12 | K139: 14 | L139: =F139-6.5 -> 263.5
A140: EUROTEC | B140: KonstruX ST A4 ZK | C140: Fully threaded screw, Cylinder head, A4 | D140: 3 | E140: 8 | F140: 295 | G140: 10 | H140: 16 | I140: 11.1 | J140: 12 | K140: 14 | L140: =F140-6.5 -> 288.5
A141: EUROTEC | B141: KonstruX ST A4 ZK | C141: Fully threaded screw, Cylinder head, A4 | D141: 3 | E141: 8 | F141: 330 | G141: 10 | H141: 16 | I141: 11.1 | J141: 12 | K141: 14 | L141: =F141-6.5 -> 323.5
...

Sheet ISO 4014 Bolts
A1: Produsent | B1: Type | C1: Usage | D1: Highest service class | E1: d | F1: l | G1: dh | H1: My,Rk [Nm] | I1: faxk[N/mm^2] | J1: fhead,k[N/mm^2] | K1: ftens,k[kN] | L1: l1 | M1: l3
A2: ISO 4014 | B2: ISO 4014 / DIN 931 | C2: Hexagon Head Bolt | D2: 3 | E2: 6 | F2: 30 | G2: 10 | L2: 18
A3: ISO 4014 | B3: ISO 4014 / DIN 931 | C3: Hexagon Head Bolt | D3: 3 | E3: 6 | F3: 35 | G3: 10 | L3: 18
A4: ISO 4014 | B4: ISO 4014 / DIN 931 | C4: Hexagon Head Bolt | D4: 3 | E4: 6 | F4: 40 | G4: 10 | L4: 18
A5: ISO 4014 | B5: ISO 4014 / DIN 931 | C5: Hexagon Head Bolt | D5: 3 | E5: 6 | F5: 45 | G5: 10 | L5: 18
A6: ISO 4014 | B6: ISO 4014 / DIN 931 | C6: Hexagon Head Bolt | D6: 3 | E6: 6 | F6: 50 | G6: 10 | L6: 18
A7: ISO 4014 | B7: ISO 4014 / DIN 931 | C7: Hexagon Head Bolt | D7: 3 | E7: 6 | F7: 55 | G7: 10 | L7: 18
A8: ISO 4014 | B8: ISO 4014 / DIN 931 | C8: Hexagon Head Bolt | D8: 3 | E8: 6 | F8: 60 | G8: 10 | L8: 18
A9: ISO 4014 | B9: ISO 4014 / DIN 931 | C9: Hexagon Head Bolt | D9: 3 | E9: 6 | F9: 65 | G9: 10 | L9: 18
A10: ISO 4014 | B10: ISO 4014 / DIN 931 | C10: Hexagon Head Bolt | D10: 3 | E10: 6 | F10: 70 | G10: 10 | L10: 18
A11: ISO 4014 | B11: ISO 4014 / DIN 931 | C11: Hexagon Head Bolt | D11: 3 | E11: 6 | F11: 75 | G11: 10 | L11: 18
A12: ISO 4014 | B12: ISO 4014 / DIN 931 | C12: Hexagon Head Bolt | D12: 3 | E12: 6 | F12: 80 | G12: 10 | L12: 18
A13: ISO 4014 | B13: ISO 4014 / DIN 931 | C13: Hexagon Head Bolt | D13: 3 | E13: 6 | F13: 85 | G13: 10 | L13: 18
... A414: ISO 4014 | B414: ISO 4014 / DIN 931 | C414: Hexagon Head Bolt | D414: 3 | E414: 39 | F414: 280 | G414: 60 | L414: 103
Y633: 100
Y634: 100
Y635: 100
Y636: 100
Y637: 100
Y638: 100
Y639: 50
Y640: 50
Y641: 50
Y642: 50
Y643: 50
Y644: 50
... Y665: 25

Sheet Motek screws
A1: Produsent | B1: Type | C1: Usage | D1: Highest service class | E1: d | F1: l | G1: dh | H1: My,Rk [Nm] | I1: faxk[N/mm^2] | J1: fhead,k[N/mm^2] | K1: ftens,k[kN] | L1: l1 | M1: l3
A2: MOTEK | B2: Treskrue bygg | C2: Varmforsinket, 8.8, C3 | D2: 3 | E2: 6 | F2: 40 | G2: 14.2 | H2: 11.956 | I2: 16.56 | J2: 28.76 | K2: 10.71 | L2: 40
A3: MOTEK | B3: Treskrue bygg | C3: Varmforsinket, 8.8, C3 | D3: 3 | E3: 6 | F3: 45 | G3: 14.2 | H3: 11.956 | I3: 16.56 | J3: 28.76 | K3: 10.71 | L3: 45
A4: MOTEK | B4: Treskrue bygg | C4: Varmforsinket, 8.8, C3 | D4: 3 | E4: 6 | F4: 50 | G4: 14.2 | H4: 11.956 | I4: 16.56 | J4: 28.76 | K4: 10.71 | L4: 50
A5: MOTEK | B5: Treskrue bygg | C5: Varmforsinket, 8.8, C3 | D5: 3 | E5: 6 | F5: 60 | G5: 14.2 | H5: 11.956 | I5: 16.56 | J5: 28.76 | K5: 10.71 | L5: 60
A6: MOTEK | B6: Treskrue bygg | C6: Varmforsinket, 8.8, C3 | D6: 3 | E6: 6 | F6: 70 | G6: 14.2 | H6: 11.956 | I6: 16.56 | J6: 28.76 | K6: 10.71 | L6: 70
A7: MOTEK | B7: Treskrue bygg | C7: Varmforsinket, 8.8, C3 | D7: 3 | E7: 6 | F7: 80 | G7: 14.2 | H7: 11.956 | I7: 16.56 | J7: 28.76 | K7: 10.71 | L7: 80
A8: MOTEK | B8: Treskrue bygg | C8: Varmforsinket, 8.8, C3 | D8: 3 | E8: 6 | F8: 90 | G8: 14.2 | H8: 11.956 | I8: 16.56 | J8: 28.76 | K8: 10.71 | L8: 90
A9: MOTEK | B9: Treskrue bygg | C9: Varmforsinket, 8.8, C3 | D9: 3 | E9: 6 | F9: 100 | G9: 14.2 | H9: 11.956 | I9: 16.56 | J9: 28.76 | K9: 10.71 | L9: 100
A10: MOTEK | B10: Treskrue bygg | C10: Varmforsinket, 8.8, C3 | D10: 3 | E10: 8 | F10: 40 | G10: 18 | H10: 28.808 | I10: 15.14 | J10: 24.13 | K10: 19.58 | L10: 40
A11: MOTEK | B11: Treskrue bygg | C11: Varmforsinket, 8.8, C3 | D11: 3 | E11: 8 | F11: 50 | G11: 18 | H11: 28.808 | I11: 15.14 | J11: 24.13 | K11: 19.58 | L11: 50
A12: MOTEK | B12: Treskrue bygg | C12: Varmforsinket, 8.8, C3 | D12: 3 | E12: 8 | F12: 60 | G12: 18 | H12: 28.808 | I12: 15.14 | J12: 24.13 | K12: 19.58 | L12: 60
A13: MOTEK | B13: Treskrue bygg | C13: Varmforsinket, 8.8, C3 | D13: 3 | E13: 8 | F13: 70 | G13: 18 | H13: 28.808 | I13: 15.14 | J13: 24.13 | K13: 19.58 | L13: 70
... A35: MOTEK | B35: Treskrue montasje | C35: Settherdet kullstål C1022, C4 | D35: 3 | E35: 6 | F35: 50 | G35: 13.5 | H35: 12.35 | I35: 17.32 | J35: 27.19 | K35: 14.01 | L35: 43
A36: MOTEK | B36: Treskrue montasje | C36: Settherdet kullstål C1022, C4 | D36: 3 | E36: 6 | F36: 60 | G36: 13.5 | H36: 12.35 | I36: 17.32 | J36: 27.19 | K36: 14.01 | L36: 30 | M36: 5
A37: MOTEK | B37: Treskrue montasje | C37: Settherdet kullstål C1022, C4 | D37: 3 | E37: 6 | F37: 70 | G37: 13.5 | H37: 12.35 | I37: 17.32 | J37: 27.19 | K37: 14.01 | L37: 42 | M37: 10.2
A38: MOTEK | B38: Treskrue montasje | C38: Settherdet kullstål C1022, C4 | D38: 3 | E38: 6 | F38: 80 | G38: 13.5 | H38: 12.35 | I38: 17.32 | J38: 27.19 | K38: 14.01 | L38: 48 | M38: 10.2
A39: MOTEK | B39: Treskrue montasje | C39: Settherdet kullstål C1022, C4 | D39: 3 | E39: 6 | F39: 90 | G39: 13.5 | H39: 12.35 | I39: 17.32 | J39: 27.19 | K39: 14.01 | L39: 55 | M39: 10.2
A40: MOTEK | B40: Treskrue montasje | C40: Settherdet kullstål C1022, C4 | D40: 3 | E40: 6 | F40: 100 | G40: 13.5 | H40: 12.35 | I40: 17.32 | J40: 27.19 | K40: 14.01 | L40: 60 | M40: 10.2
A41: MOTEK | B41: Treskrue montasje | C41: Settherdet kullstål C1022, C4 | D41: 3 | E41: 6 | F41: 120 | G41: 13.5 | H41: 12.35 | I41: 17.32 | J41: 27.19 | K41: 14.01 | L41: 60 | M41: 10.2
A42: MOTEK | B42: Treskrue montasje | C42: Settherdet kullstål C1022, C4 | D42: 3 | E42: 6 | F42: 140 | G42: 13.5 | H42: 12.35 | I42: 17.32 | J42: 27.19 | K42: 14.01 | L42: 70 | M42: 10.2
A43: MOTEK | B43: Treskrue montasje | C43: Settherdet kullstål C1022, C4 | D43: 3 | E43: 8 | F43: 50 | G43: 20.5 | H43: 24.789 | I43: 15.7 | J43: 23.7 | K43: 24.85 | L43: 50
A44: MOTEK | B44: Treskrue montasje | C44: Settherdet kullstål C1022, C4 | D44: 3 | E44: 8 | F44: 60 | G44: 20.5 | H44: 24.789 | I44: 15.7 | J44: 23.7 | K44: 24.85 | L44: 60
A45: MOTEK | B45: Treskrue montasje | C45: Settherdet kullstål C1022, C4 | D45: 3 | E45: 8 | F45: 70 | G45: 20.5 | H45: 24.789 | I45: 15.7 | J45: 23.7 | K45: 24.85 | L45: 70
A46: MOTEK | B46: Treskrue montasje | C46: Settherdet kullstål C1022, C4 | D46: 3 | E46: 8 | F46: 80 | G46: 20.5 | H46: 24.789 | I46: 15.7 | J46: 23.7 | K46: 24.85 | L46: 42 | M46: 10.2
A47: MOTEK | B47: Treskrue montasje | C47: Settherdet kullstål C1022, C4 | D47: 3 | E47: 8 | F47: 100 | G47: 20.5 | H47: 24.789 | I47: 15.7 | J47: 23.7 | K47: 24.85 | L47: 55 | M47: 10.2
A48: MOTEK | B48: Treskrue montasje | C48: Settherdet kullstål C1022, C4 | D48: 3 | E48: 8 | F48: 120 | G48: 20.5 | H48: 24.789 | I48: 15.7 | J48: 23.7 | K48: 24.85 | L48: 70 | M48: 10.2
A49: MOTEK | B49: Treskrue montasje | C49: Settherdet kullstål C1022, C4 | D49: 3 | E49: 8 | F49: 140 | G49: 20.5 | H49: 24.789 | I49: 15.7 | J49: 23.7 | K49: 24.85 | L49: 70 | M49: 10.2
A50: MOTEK | B50: Treskrue montasje | C50: Settherdet kullstål C1022, C4 | D50: 3 | E50: 8 | F50: 160 | G50: 20.5 | H50: 24.789 | I50: 15.7 | J50: 23.7 | K50: 24.85 | L50: 70 | M50: 10.2
A51: MOTEK | B51: Treskrue montasje | C51: Settherdet kullstål C1022, C4 | D51: 3 | E51: 8 | F51: 180 | G51: 20.5 | H51: 24.789 | I51: 15.7 | J51: 23.7 | K51: 24.85 | L51: 70 | M51: 10.2
A52: MOTEK | B52: Treskrue montasje | C52: Settherdet kullstål C1022, C4 | D52: 3 | E52: 8 | F52: 200 | G52: 20.5 | H52: 24.789 | I52: 15.7 | J52: 23.7 | K52: 24.85 | L52: 70 | M52: 10.2
A53: MOTEK | B53: Treskrue montasje | C53: Settherdet kullstål C1022, C4 | D53: 3 | E53: 8 | F53: 220 | G53: 20.5 | H53: 24.789 | I53: 15.7 | J53: 23.7 | K53: 24.85 | L53: 70 | M53: 10.2
A54: MOTEK | B54: Treskrue montasje | C54: Settherdet kullstål C1022, C4 | D54: 3 | E54: 8 | F54: 260 | G54: 20.5 | H54: 24.789 | I54: 15.7 | J54: 23.7 | K54: 24.85 | L54: 70 | M54: 10.2
A55: MOTEK | B55: Treskrue montasje | C55: Settherdet kullstål C1022, C4 | D55: 3 | E55: 8 | F55: 300 | G55: 20.5 | H55: 24.789 | I55: 15.7 | J55: 23.7 | K55: 24.85 | L55: 70 | M55: 10.2
A56: MOTEK | B56: Treskrue montasje | C56: Settherdet kullstål C1022, C4 | D56: 3 | E56: 8 | F56: 340 | G56: 20.5 | H56: 24.789 | I56: 15.7 | J56: 23.7 | K56: 24.85 | L56: 70 | M56: 10.2
Y243: 100
Y244: 100
Y245: 100
Y246: 100
Y247: 100
Y248: 100
Y249: 50
Y250: 50
Y251: 50
Y252: 50
Y253: 50
Y254: 50
... Y275: 25

Sheet Rothoblaas Nails
A1: Produsent | B1: Type | C1: Usage | D1: Highest service class | E1: d | F1: l | G1: dh | H1: My,Rk [Nm] | I1: faxk[N/mm^2] | J1: fhead,k[N/mm^2] | K1: ftens,k[kN] | N1: Nettside | O1: Ah | P1: ht
A2: ROTHOBLAAS | B2: LBA | C2: High Bond Nail | D2: 2 | E2: 4 | F2: 40 | G2: 8 | H2: 6.68 | I2: 6.43 | K2: 6.5
A3: ROTHOBLAAS | B3: LBA | C3: High Bond Nail | D3: 2 | E3: 4 | F3: 50 | G3: 8 | H3: 6.68 | I3: 6.43 | K3: 6.5
A4: ROTHOBLAAS | B4: LBA | C4: High Bond Nail | D4: 2 | E4: 4 | F4: 60 | G4: 8 | H4: 6.68 | I4: 6.43 | K4: 6.5
A5: ROTHOBLAAS | B5: LBA | C5: High Bond Nail | D5: 2 | E5: 4 | F5: 75 | G5: 8 | H5: 6.68 | I5: 6.43 | K5: 6.5
A6: ROTHOBLAAS | B6: LBA | C6: High Bond Nail | D6: 2 | E6: 4 | F6: 100 | G6: 8 | H6: 6.68 | I6: 6.43 | K6: 6.5
A7: ROTHOBLAAS | B7: LBA | C7: High Bond Nail | D7: 2 | E7: 6 | F7: 60 | G7: 12 | H7: 20.2 | I7: 6.43 | K7: 17
A8: ROTHOBLAAS | B8: LBA | C8: High Bond Nail | D8: 2 | E8: 6 | F8: 80 | G8: 12 | H8: 20.2 | I8: 6.43 | K8: 17
A9: ROTHOBLAAS | B9: LBA | C9: High Bond Nail | D9: 2 | E9: 6 | F9: 100 | G9: 12 | H9: 20.2 | I9: 6.43 | K9: 17
A10: ROTHOBLAAS | B10: LBAI | C10: High Bond Nail | D10: 3 | E10: 4 | F10: 50 | G10: 8 | H10: 7.18 | I10: 6.43 | K10: 6.5

Sheet Rothoblaas Screws
A1: Produsent | B1: Type | C1: Usage | D1: Highest service class | E1: d | F1: l | G1: dh | H1: My,Rk [Nm] | I1: faxk[N/mm^2] | J1: fhead,k[N/mm^2] | K1: ftens,k[kN] | L1: l1 | M1: l3
A2: ROTHOBLAAS | B2: CTC | C2: Timber-to-concrete floors | D2: 2 | E2: 9 | F2: 240 | G2: 11.5 | H2: 38 | I2: 11.3 | K2: 30 | L2: 190
A3: ROTHOBLAAS | B3: CTC | C3: Timber-to-concrete floors | D3: 2 | E3: 9 | F3: 160 | G3: 11.5 | H3: 38 | I3: 11.3 | K3: 30 | L3: 110
A4: ROTHOBLAAS | B4: CTC | C4: Timber-to-concrete floors | D4: 2 | E4: 7 | F4: 240 | G4: 9.5 | H4: 20 | I4: 11.3 | K4: 20 | L4: 190
A5: ROTHOBLAAS | B5: CTC | C5: Timber-to-concrete floors | D5: 2 | E5: 7 | F5: 160 | G5: 9.5 | H5: 20 | I5: 11.3 | K5: 20 | L5: 110
A6: ROTHOBLAAS | B6: HBSPLATE | C6: Pan Head Screw | D6: 2 | E6: 8 | F6: 80 | G6: 13.5 | H6: 33.4 | I6: 11.7 | J6: 10.5 | K6: 11.3 | L6: 55
A7: ROTHOBLAAS | B7: HBSPLATE | C7: Pan Head Screw | D7: 2 | E7: 8 | F7: 100 | G7: 13.5 | H7: 33.4 | I7: 11.7 | J7: 10.5 | K7: 11.3 | L7: 75
A8: ROTHOBLAAS | B8: HBSPLATE | C8: Pan Head Screw | D8: 2 | E8: 8 | F8: 120 | G8: 13.5 | H8: 33.4 | I8: 11.7 | J8: 10.5 | K8: 11.3 | L8: 95
A9: ROTHOBLAAS | B9: HBSPLATE | C9: Pan Head Screw | D9: 2 | E9: 8 | F9: 140 | G9: 13.5 | H9: 33.4 | I9: 11.7 | J9: 10.5 | K9: 11.3 | L9: 110
A10: ROTHOBLAAS | B10: HBSPLATE | C10: Pan Head Screw | D10: 2 | E10: 8 | F10: 160 | G10: 13.5 | H10: 33.4 | I10: 11.7 | J10: 10.5 | K10: 11.3 | L10: 130
A11: ROTHOBLAAS | B11: HBSPLATE | C11: Pan Head Screw | D11: 2 | E11: 10 | F11: 100 | G11: 16.5 | H11: 45 | I11: 11.7 | J11: 10.5 | K11: 20.1 | L11: 75
A12: ROTHOBLAAS | B12: HBSPLATE | C12: Pan Head Screw | D12: 2 | E12: 10 | F12: 120 | G12: 16.5 | H12: 45 | I12: 11.7 | J12: 10.5 | K12: 20.1 | L12: 95
A13: ROTHOBLAAS | B13: HBSPLATE | C13: Pan Head Screw | D13: 2 | E13: 10 | F13: 140 | G13: 16.5 | H13: 45 | I13: 11.7 | J13: 10.5 | K13: 20.1 | L13: 110
A14: ROTHOBLAAS | B14: HBSPLATE | C14: Pan Head Screw | D14: 2 | E14: 10 | F14: 160 | G14: 16.5 | H14: 45 | I14: 11.7 | J14: 10.5 | K14: 20.1 | L14: 130
A15: ROTHOBLAAS | B15: HBSPLATE | C15: Pan Head Screw | D15: 2 | E15: 10 | F15: 180 | G15: 16.5 | H15: 45 | I15: 11.7 | J15: 10.5 | K15: 20.1 | L15: 150
A16: ROTHOBLAAS | B16: HBSPLATE | C16: Pan Head Screw | D16: 2 | E16: 12 | F16: 120 | G16: 18.5 | H16: 65 | I16: 11.7 | J16: 10.5 | K16: 31.4 | L16: 90
A17: ROTHOBLAAS | B17: HBSPLATE | C17: Pan Head Screw | D17: 2 | E17: 12 | F17: 140 | G17: 18.5 | H17: 65 | I17: 11.7 | J17: 10.5 | K17: 31.4 | L17: 110
... A155: ROTHOBLAAS | B155: HBSEVO | C155: Countersunk screw | D155: 3 | E155: 5 | F155: 80 | G155: 10 | H155: 5.4 | I155: 11.7 | J155: 10.5 | K155: 7.9 | L155: 45
A156: ROTHOBLAAS | B156: LBS | C156: Round head screw for plates | D156: 2 | E156: 7 | F156: 100 | G156: 11 | H156: 14.2 | I156: 11.7 | J156: 10.5 | K156: 15.4 | L156: =F156 -> 100
A157: ROTHOBLAAS | B157: LBS | C157: Round head screw for plates | D157: 2 | E157: 7 | F157: 80 | G157: 11 | H157: 14.2 | I157: 11.7 | J157: 10.5 | K157: 15.4 | L157: =F157 -> 80
A158: ROTHOBLAAS | B158: LBS | C158: Round head screw for plates | D158: 2 | E158: 7 | F158: 60 | G158: 11 | H158: 14.2 | I158: 11.7 | J158: 10.5 | K158: 15.4 | L158: =F158 -> 60
A159: ROTHOBLAAS | B159: LBS | C159: Round head screw for plates | D159: 2 | E159: 5 | F159: 70 | G159: 7.8 | H159: 5.4 | I159: 11.7 | J159: 10.5 | K159: 7.9 | L159: =F159 -> 70
A160: ROTHOBLAAS | B160: LBS | C160: Round head screw for plates | D160: 2 | E160: 5 | F160: 60 | G160: 7.8 | H160: 5.4 | I160: 11.7 | J160: 10.5 | K160: 7.9 | L160: =F160 -> 60
A161: ROTHOBLAAS | B161: LBS | C161: Round head screw for plates | D161: 2 | E161: 5 | F161: 50 | G161: 7.8 | H161: 5.4 | I161: 11.7 | J161: 10.5 | K161: 7.9 | L161: =F161 -> 50
A162: ROTHOBLAAS | B162: LBS | C162: Round head screw for plates | D162: 2 | E162: 5 | F162: 40 | G162: 7.8 | H162: 5.4 | I162: 11.7 | J162: 10.5 | K162: 7.9 | L162: =F162 -> 40
A163: ROTHOBLAAS | B163: LBS | C163: Round head screw for plates | D163: 2 | E163: 5 | F163: 25 | G163: 7.8 | H163: 5.4 | I163: 11.7 | J163: 10.5 | K163: 7.9 | L163: =F163 -> 25
A164: ROTHOBLAAS | B164: SKR | C164: Concrete screw hexagonal | D164: 2 | E164: 12 | F164: 400 | G164: 18 | L164: 100
A165: ROTHOBLAAS | B165: SKR | C165: Concrete screw hexagonal | D165: 2 | E165: 12 | F165: 320 | G165: 18 | L165: 100
A166: ROTHOBLAAS | B166: SKR | C166: Concrete screw hexagonal | D166: 2 | E166: 12 | F166: 280 | G166: 18 | L166: 100
A167: ROTHOBLAAS | B167: SKR | C167: Concrete screw hexagonal | D167: 2 | E167: 12 | F167: 240 | G167: 18 | L167: 100
A168: ROTHOBLAAS | B168: SKR | C168: Concrete screw hexagonal | D168: 2 | E168: 12 | F168: 200 | G168: 18 | L168: 100
A169: ROTHOBLAAS | B169: SKR | C169: Concrete screw hexagonal | D169: 2 | E169: 12 | F169: 160 | G169: 18 | L169: 100
A170: ROTHOBLAAS | B170: SKR | C170: Concrete screw hexagonal | D170: 2 | E170: 12 | F170: 140 | G170: 18 | L170: 100
A171: ROTHOBLAAS | B171: SKR | C171: Concrete screw hexagonal | D171: 2 | E171: 12 | F171: 120 | G171: 18 | L171: 100
A172: ROTHOBLAAS | B172: SKR | C172: Concrete screw hexagonal | D172: 2 | E172: 12 | F172: 100 | G172: 18 | L172: 100
A173: ROTHOBLAAS | B173: SKR | C173: Concrete screw hexagonal | D173: 2 | E173: 10 | F173: 160 | G173: 16 | L173: 95
A174: ROTHOBLAAS | B174: SKR | C174: Concrete screw hexagonal | D174: 2 | E174: 10 | F174: 140 | G174: 16 | L174: 95
A175: ROTHOBLAAS | B175: SKR | C175: Concrete screw hexagonal | D175: 2 | E175: 10 | F175: 120 | G175: 16 | L175: 95
... A192: ROTHOBLAAS | B192: SKSEVO | C192: Concrete screw countersunk | D192: 3 | E192: 7.5 | F192: 120 | G192: 13 | L192: 90
A193: ROTHOBLAAS | B193: VGS | C193: Fully threaded screw | D193: 2 | E193: 13 | F193: 1200 | G193: 22 | H193: 70.9 | I193: 11.7 | J193: 0 | K193: 53 | L193: =F193 -> 1200
A194: ROTHOBLAAS | B194: VGS | C194: Fully threaded screw | D194: 2 | E194: 13 | F194: 1100 | G194: 22 | H194: 70.9 | I194: 11.7 | J194: 0 | K194: 53 | L194: =F194 -> 1100
A195: ROTHOBLAAS | B195: VGS | C195: Fully threaded screw | D195: 2 | E195: 13 | F195: 1000 | G195: 22 | H195: 70.9 | I195: 11.7 | J195: 0 | K195: 53 | L195: =F195 -> 1000
A196: ROTHOBLAAS | B196: VGS | C196: Fully threaded screw | D196: 2 | E196: 13 | F196: 900 | G196: 22 | H196: 70.9 | I196: 11.7 | J196: 0 | K196: 53 | L196: =F196 -> 900
A197: ROTHOBLAAS | B197: VGS | C197: Fully threaded screw | D197: 2 | E197: 13 | F197: 800 | G197: 22 | H197: 70.9 | I197: 11.7 | J197: 0 | K197: 53 | L197: =F197 -> 800
A198: ROTHOBLAAS | B198: VGS | C198: Fully threaded screw | D198: 2 | E198: 13 | F198: 700 | G198: 22 | H198: 70.9 | I198: 11.7 | J198: 0 | K198: 53 | L198: =F198 -> 700
A199: ROTHOBLAAS | B199: VGS | C199: Fully threaded screw | D199: 2 | E199: 13 | F199: 600 | G199: 22 | H199: 70.9 | I199: 11.7 | J199: 0 | K199: 53 | L199: =F199 -> 600
A200: ROTHOBLAAS | B200: VGS | C200: Fully threaded screw | D200: 2 | E200: 13 | F200: 500 | G200: 22 | H200: 70.9 | I200: 11.7 | J200: 0 | K200: 53 | L200: =F200 -> 500
A201: ROTHOBLAAS | B201: VGS | C201: Fully threaded screw | D201: 2 | E201: 13 | F201: 400 | G201: 22 | H201: 70.9 | I201: 11.7 | J201: 0 | K201: 53 | L201: =F201 -> 400
A202: ROTHOBLAAS | B202: VGS | C202: Fully threaded screw | D202: 2 | E202: 13 | F202: 300 | G202: 22 | H202: 70.9 | I202: 11.7 | J202: 0 | K202: 53 | L202: =F202 -> 300
A203: ROTHOBLAAS | B203: VGS | C203: Fully threaded screw | D203: 2 | E203: 13 | F203: 200 | G203: 22 | H203: 70.9 | I203: 11.7 | J203: 0 | K203: 53 | L203: =F203 -> 200
A204: ROTHOBLAAS | B204: VGS | C204: Fully threaded screw | D204: 2 | E204: 13 | F204: 150 | G204: 22 | H204: 70.9 | I204: 11.7 | J204: 0 | K204: 53 | L204: =F204 -> 150
... A309: ROTHOBLAAS | B309: VGZ | C309: Full threaded screw with cylindrical head | D309: 2 | E309: 5.3 | F309: 80 | G309: 8 | H309: 9.2 | I309: 11.7 | J309: 0 | K309: 11 | L309: =F309 -> 80
A310: ROTHOBLAAS | B310: TBS | C310: Flange Head Screw | D310: 2 | E310: 6 | F310: 60 | G310: 15.5 | H310: 9.4937 | I310: 11.7 | J310: 10.5 | K310: 11.3 | L310: 40
A311: ROTHOBLAAS | B311: TBS | C311: Flange Head Screw | D311: 2 | E311: 6 | F311: 70 | G311: 15.5 | H311: 9.4937 | I311: 11.7 | J311: 10.5 | K311: 11.3 | L311: 40
A312: ROTHOBLAAS | B312: TBS | C312: Flange Head Screw | D312: 2 | E312: 6 | F312: 80 | G312: 15.5 | H312: 9.4937 | I312: 11.7 | J312: 10.5 | K312: 11.3 | L312: 50
A313: ROTHOBLAAS | B313: TBS | C313: Flange Head Screw | D313: 2 | E313: 6 | F313: 90 | G313: 15.5 | H313: 9.4937 | I313: 11.7 | J313: 10.5 | K313: 11.3 | L313: 50
A314: ROTHOBLAAS | B314: TBS | C314: Flange Head Screw | D314: 2 | E314: 6 | F314: 100 | G314: 15.5 | H314: 9.4937 | I314: 11.7 | J314: 10.5 | K314: 11.3 | L314: 60
A315: ROTHOBLAAS | B315: TBS | C315: Flange Head Screw | D315: 2 | E315: 6 | F315: 120 | G315: 15.5 | H315: 9.4937 | I315: 11.7 | J315: 10.5 | K315: 11.3 | L315: 75
A316: ROTHOBLAAS | B316: TBS | C316: Flange Head Screw | D316: 2 | E316: 6 | F316: 140 | G316: 15.5 | H316: 9.4937 | I316: 11.7 | J316: 10.5 | K316: 11.3 | L316: 75
A317: ROTHOBLAAS | B317: TBS | C317: Flange Head Screw | D317: 2 | E317: 6 | F317: 160 | G317: 15.5 | H317: 9.4937 | I317: 11.7 | J317: 10.5 | K317: 11.3 | L317: 75
A318: ROTHOBLAAS | B318: TBS | C318: Flange Head Screw | D318: 2 | E318: 6 | F318: 180 | G318: 15.5 | H318: 9.4937 | I318: 11.7 | J318: 10.5 | K318: 11.3 | L318: 75
A319: ROTHOBLAAS | B319: TBS | C319: Flange Head Screw | D319: 2 | E319: 6 | F319: 200 | G319: 15.5 | H319: 9.4937 | I319: 11.7 | J319: 10.5 | K319: 11.3 | L319: 75
A320: ROTHOBLAAS | B320: TBS | C320: Flange Head Screw | D320: 2 | E320: 6 | F320: 220 | G320: 15.5 | H320: 9.4937 | I320: 11.7 | J320: 10.5 | K320: 11.3 | L320: 100
A321: ROTHOBLAAS | B321: TBS | C321: Flange Head Screw | D321: 2 | E321: 6 | F321: 240 | G321: 15.5 | H321: 9.4937 | I321: 11.7 | J321: 10.5 | K321: 11.3 | L321: 100
... A384: ROTHOBLAAS | B384: TBSEVO | C384: Flange Head Screw | D384: 3 | E384: 8 | F384: 240 | G384: 19 | H384: 20.0575 | I384: 11.7 | J384: 10.5 | K384: 20.1 | L384: 100

Sheet Rothoblaas Bolts
A1: Produsent | B1: Type | C1: Usage | D1: Highest service class | E1: d | F1: l | G1: dh | H1: My,Rk [Nm] | I1: faxk[N/mm^2] | J1: fhead,k[N/mm^2] | K1: ftens,k[kN] | L1: fuk[N/mm2] | M1: fyk[N/mm2] | N1: def | O1: Aef
A2: ROTHOBLAAS | B2: EKS | C2: Hexagonal Head Bolt | E2: 24 | F2: 85 | G2: 39.98 | H2: =0.3*L2*N2^2.6/1000 -> 603.68846 | K2: 254.2 | L2: 800 | M2: =L2*0.8 -> 640 | N2: 20.32 | O2: =N2^2*PI()/4 -> 324.29279 | P2: =L2*O2/1000 -> 259.43423
A3: ROTHOBLAAS | B3: EKS | C3: Hexagonal Head Bolt | E3: 24 | F3: 80 | G3: 39.98 | H3: =0.3*L3*N3^2.6/1000 -> 603.68846 | K3: 254.2 | L3: 800 | M3: =L3*0.8 -> 640 | N3: 20.32 | O3: =N3^2*PI()/4 -> 324.29279 | P3: =L3*O3/1000 -> 259.43423
A4: ROTHOBLAAS | B4: EKS | C4: Hexagonal Head Bolt | E4: 24 | F4: 70 | G4: 39.98 | H4: =0.3*L4*N4^2.6/1000 -> 603.68846 | K4: 254.2 | L4: 800 | M4: =L4*0.8 -> 640 | N4: 20.32 | O4: =N4^2*PI()/4 -> 324.29279 | P4: =L4*O4/1000 -> 259.43423
A5: ROTHOBLAAS | B5: EKS | C5: Hexagonal Head Bolt | E5: 24 | F5: 65 | G5: 39.98 | H5: =0.3*L5*N5^2.6/1000 -> 603.68846 | K5: 254.2 | L5: 800 | M5: =L5*0.8 -> 640 | N5: 20.32 | O5: =N5^2*PI()/4 -> 324.29279 | P5: =L5*O5/1000 -> 259.43423
A6: ROTHOBLAAS | B6: EKS | C6: Hexagonal Head Bolt | E6: 24 | F6: 60 | G6: 39.98 | H6: =0.3*L6*N6^2.6/1000 -> 603.68846 | K6: 254.2 | L6: 800 | M6: =L6*0.8 -> 640 | N6: 20.32 | O6: =N6^2*PI()/4 -> 324.29279 | P6: =L6*O6/1000 -> 259.43423
A7: ROTHOBLAAS | B7: EKS | C7: Hexagonal Head Bolt | E7: 24 | F7: 50 | G7: 39.98 | H7: =0.3*L7*N7^2.6/1000 -> 603.68846 | K7: 254.2 | L7: 800 | M7: =L7*0.8 -> 640 | N7: 20.32 | O7: =N7^2*PI()/4 -> 324.29279 | P7: =L7*O7/1000 -> 259.43423
A8: ROTHOBLAAS | B8: EKS | C8: Hexagonal Head Bolt | E8: 24 | F8: 40 | G8: 39.98 | H8: =0.3*L8*N8^2.6/1000 -> 603.68846 | K8: 254.2 | L8: 800 | M8: =L8*0.8 -> 640 | N8: 20.32 | O8: =N8^2*PI()/4 -> 324.29279 | P8: =L8*O8/1000 -> 259.43423
A9: ROTHOBLAAS | B9: EKS | C9: Hexagonal Head Bolt | E9: 20 | F9: 100 | G9: 33.53 | H9: =0.3*L9*N9^2.6/1000 -> 375.59459 | K9: 176.4 | L9: 800 | M9: =L9*0.8 -> 640 | N9: 16.93 | O9: =N9^2*PI()/4 -> 225.11467 | P9: =L9*O9/1000 -> 180.09174
A10: ROTHOBLAAS | B10: EKS | C10: Hexagonal Head Bolt | E10: 20 | F10: 80 | G10: 33.53 | H10: =0.3*L10*N10^2.6/1000 -> 375.59459 | K10: 176.4 | L10: 800 | M10: =L10*0.8 -> 640 | N10: 16.93 | O10: =N10^2*PI()/4 -> 225.11467 | P10: =L10*O10/1000 -> 180.09174
A11: ROTHOBLAAS | B11: EKS | C11: Hexagonal Head Bolt | E11: 20 | F11: 70 | G11: 33.53 | H11: =0.3*L11*N11^2.6/1000 -> 375.59459 | K11: 176.4 | L11: 800 | M11: =L11*0.8 -> 640 | N11: 16.93 | O11: =N11^2*PI()/4 -> 225.11467 | P11: =L11*O11/1000 -> 180.09174
A12: ROTHOBLAAS | B12: EKS | C12: Hexagonal Head Bolt | E12: 20 | F12: 60 | G12: 33.53 | H12: =0.3*L12*N12^2.6/1000 -> 375.59459 | K12: 176.4 | L12: 800 | M12: =L12*0.8 -> 640 | N12: 16.93 | O12: =N12^2*PI()/4 -> 225.11467 | P12: =L12*O12/1000 -> 180.09174
A13: ROTHOBLAAS | B13: EKS | C13: Hexagonal Head Bolt | E13: 20 | F13: 50 | G13: 33.53 | H13: =0.3*L13*N13^2.6/1000 -> 375.59459 | K13: 176.4 | L13: 800 | M13: =L13*0.8 -> 640 | N13: 16.93 | O13: =N13^2*PI()/4 -> 225.11467 | P13: =L13*O13/1000 -> 180.09174
A14: ROTHOBLAAS | B14: EKS | C14: Hexagonal Head Bolt | E14: 20 | F14: 40 | G14: 33.53 | H14: =0.3*L14*N14^2.6/1000 -> 375.59459 | K14: 176.4 | L14: 800 | M14: =L14*0.8 -> 640 | N14: 16.93 | O14: =N14^2*PI()/4 -> 225.11467 | P14: =L14*O14/1000 -> 180.09174
A15: ROTHOBLAAS | B15: KOTA2 | C15: Round Head Bolt | D15: 3 | E15: 12 | F15: 300 | G15: 20.03 | H15: =0.3*L15*E15^2.6/1000 -> 76.745423 | K15: 30.3 | L15: 400 | M15: =L15*0.8 -> 320
A16: ROTHOBLAAS | B16: KOTA2 | C16: Round Head Bolt | D16: 3 | E16: 12 | F16: 280 | G16: 20.03 | H16: =0.3*L16*E16^2.6/1000 -> 76.745423 | K16: 30.3 | L16: 400 | M16: =L16*0.8 -> 320
A17: ROTHOBLAAS | B17: KOTA2 | C17: Round Head Bolt | D17: 3 | E17: 12 | F17: 240 | G17: 20.03 | H17: =0.3*L17*E17^2.6/1000 -> 76.745423 | K17: 30.3 | L17: 400 | M17: =L17*0.8 -> 320
A18: ROTHOBLAAS | B18: KOTA2 | C18: Round Head Bolt | D18: 3 | E18: 12 | F18: 220 | G18: 20.03 | H18: =0.3*L18*E18^2.6/1000 -> 76.745423 | K18: 30.3 | L18: 400 | M18: =L18*0.8 -> 320
A19: ROTHOBLAAS | B19: KOTA2 | C19: Round Head Bolt | D19: 3 | E19: 12 | F19: 200 | G19: 20.03 | H19: =0.3*L19*E19^2.6/1000 -> 76.745423 | K19: 30.3 | L19: 400 | M19: =L19*0.8 -> 320
A20: ROTHOBLAAS | B20: KOTA2 | C20: Round Head Bolt | D20: 3 | E20: 12 | F20: 180 | G20: 20.03 | H20: =0.3*L20*E20^2.6/1000 -> 76.745423 | K20: 30.3 | L20: 400 | M20: =L20*0.8 -> 320
A21: ROTHOBLAAS | B21: KOTA2 | C21: Round Head Bolt | D21: 3 | E21: 12 | F21: 160 | G21: 20.03 | H21: =0.3*L21*E21^2.6/1000 -> 76.745423 | K21: 30.3 | L21: 400 | M21: =L21*0.8 -> 320
A22: ROTHOBLAAS | B22: KOTA2 | C22: Round Head Bolt | D22: 3 | E22: 12 | F22: 140 | G22: 20.03 | H22: =0.3*L22*E22^2.6/1000 -> 76.745423 | K22: 30.3 | L22: 400 | M22: =L22*0.8 -> 320
A23: ROTHOBLAAS | B23: KOTA2 | C23: Round Head Bolt | D23: 3 | E23: 10 | F23: 220 | G23: 17.77 | H23: =0.3*L23*E23^2.6/1000 -> 47.77286 | K23: 20.9 | L23: 400 | M23: =L23*0.8 -> 320
A24: ROTHOBLAAS | B24: KOTA2 | C24: Round Head Bolt | D24: 3 | E24: 10 | F24: 200 | G24: 17.77 | H24: =0.3*L24*E24^2.6/1000 -> 47.77286 | K24: 20.9 | L24: 400 | M24: =L24*0.8 -> 320
A25: ROTHOBLAAS | B25: KOTA2 | C25: Round Head Bolt | D25: 3 | E25: 10 | F25: 180 | G25: 17.77 | H25: =0.3*L25*E25^2.6/1000 -> 47.77286 | K25: 20.9 | L25: 400 | M25: =L25*0.8 -> 320
A26: ROTHOBLAAS | B26: KOTA2 | C26: Round Head Bolt | D26: 3 | E26: 10 | F26: 160 | G26: 17.77 | H26: =0.3*L26*E26^2.6/1000 -> 47.77286 | K26: 20.9 | L26: 400 | M26: =L26*0.8 -> 320
... A61: ROTHOBLAAS | B61: KOT | C61: Round Head Bolt | D61: 1 | E61: 8 | F61: 50 | G61: 14.38 | H61: =0.3*L61*E61^2.6/1000 -> 26.743313 | K61: 13.2 | L61: 400 | M61: =L61*0.8 -> 320
A62: ROTHOBLAAS | B62: KOSA2 | C62: Hexagonal Head Bolt | D62: 3 | E62: 20 | F62: 400 | G62: 32.95 | H62: 579 | K62: 176.4 | L62: 800 | M62: =L62*0.8 -> 640
A63: ROTHOBLAAS | B63: KOSA2 | C63: Hexagonal Head Bolt | D63: 3 | E63: 20 | F63: 380 | G63: 32.95 | H63: 579 | K63: 176.4 | L63: 800 | M63: =L63*0.8 -> 640
A64: ROTHOBLAAS | B64: KOSA2 | C64: Hexagonal Head Bolt | D64: 3 | E64: 20 | F64: 360 | G64: 32.95 | H64: 579 | K64: 176.4 | L64: 800 | M64: =L64*0.8 -> 640
A65: ROTHOBLAAS | B65: KOSA2 | C65: Hexagonal Head Bolt | D65: 3 | E65: 20 | F65: 340 | G65: 32.95 | H65: 579 | K65: 176.4 | L65: 800 | M65: =L65*0.8 -> 640
A66: ROTHOBLAAS | B66: KOSA2 | C66: Hexagonal Head Bolt | D66: 3 | E66: 20 | F66: 320 | G66: 32.95 | H66: 579 | K66: 176.4 | L66: 800 | M66: =L66*0.8 -> 640
A67: ROTHOBLAAS | B67: KOSA2 | C67: Hexagonal Head Bolt | D67: 3 | E67: 20 | F67: 300 | G67: 32.95 | H67: 579 | K67: 176.4 | L67: 800 | M67: =L67*0.8 -> 640
A68: ROTHOBLAAS | B68: KOSA2 | C68: Hexagonal Head Bolt | D68: 3 | E68: 20 | F68: 280 | G68: 32.95 | H68: 579 | K68: 176.4 | L68: 800 | M68: =L68*0.8 -> 640
A69: ROTHOBLAAS | B69: KOSA2 | C69: Hexagonal Head Bolt | D69: 3 | E69: 20 | F69: 260 | G69: 32.95 | H69: 579 | K69: 176.4 | L69: 800 | M69: =L69*0.8 -> 640
A70: ROTHOBLAAS | B70: KOSA2 | C70: Hexagonal Head Bolt | D70: 3 | E70: 20 | F70: 240 | G70: 32.95 | H70: 579 | K70: 176.4 | L70: 800 | M70: =L70*0.8 -> 640
A71: ROTHOBLAAS | B71: KOSA2 | C71: Hexagonal Head Bolt | D71: 3 | E71: 20 | F71: 220 | G71: 32.95 | H71: 579 | K71: 176.4 | L71: 800 | M71: =L71*0.8 -> 640
A72: ROTHOBLAAS | B72: KOSA2 | C72: Hexagonal Head Bolt | D72: 3 | E72: 20 | F72: 200 | G72: 32.95 | H72: 579 | K72: 176.4 | L72: 800 | M72: =L72*0.8 -> 640
A73: ROTHOBLAAS | B73: KOSA2 | C73: Hexagonal Head Bolt | D73: 3 | E73: 20 | F73: 180 | G73: 32.95 | H73: 579 | K73: 176.4 | L73: 800 | M73: =L73*0.8 -> 640
... A145: ROTHOBLAAS | B145: KOS | C145: Hexagonal Head Bolt | D145: 1 | E145: 12 | F145: 120 | G145: 20.03 | H145: 153 | K145: 60.7 | L145: 800 | M145: =L145*0.8 -> 640
A146: ROTHOBLAAS | B146: KOS | C146: Hexagonal Head Bolt | D146: 1 | E146: 12 | F146: 100 | G146: 20.03 | H146: 153 | K146: 60.7 | L146: 800 | M146: =L146*0.8 -> 640 | Q146: =0.3*L146*E146^2.6/1000 -> 153.49085
A147: ROTHOBLAAS | B147: MGS 4.8 | C147: Threaded rod | D147: 3 | E147: 8 | F147: 1000 | G147: 8 | H147: =0.3*L147*N147^2.6/1000 -> 15.400413 | K147: 13.2 | L147: 400 | M147: =L147*0.8 -> 320 | N147: 6.47 | O147: =N147^2*PI()/4 -> 32.877474 | P147: =L147*O147/1000 -> 13.15099
A148: ROTHOBLAAS | B148: MGS 4.8 | C148: Threaded rod | D148: 3 | E148: 10 | F148: 1000 | G148: 10 | H148: =0.3*L148*N148^2.6/1000 -> 28.156305 | K148: 20.9 | L148: 400 | M148: =L148*0.8 -> 320 | N148: 8.16 | O148: =N148^2*PI()/4 -> 52.296208 | P148: =L148*O148/1000 -> 20.918483
A149: ROTHOBLAAS | B149: MGS 4.8 | C149: Threaded rod | D149: 3 | E149: 12 | F149: 1000 | G149: 12 | H149: =0.3*L149*N149^2.6/1000 -> 45.932009 | K149: 30.3 | L149: 400 | M149: =L149*0.8 -> 320 | N149: 9.85 | O149: =N149^2*PI()/4 -> 76.201293 | P149: =L149*O149/1000 -> 30.480517
A150: ROTHOBLAAS | B150: MGS 4.8 | C150: Threaded rod | D150: 3 | E150: 14 | F150: 1000 | G150: 14 | H150: =0.3*L150*N150^2.6/1000 -> 69.485535 | K150: 41.4 | L150: 400 | M150: =L150*0.8 -> 320 | N150: 11.55 | O150: =N150^2*PI()/4 -> 104.77408 | P150: =L150*O150/1000 -> 41.909631
A151: ROTHOBLAAS | B151: MGS 4.8 | C151: Threaded rod | D151: 3 | E151: 16 | F151: 1000 | G151: 16 | H151: =0.3*L151*N151^2.6/1000 -> 105.25032 | K151: 56.5 | L151: 400 | M151: =L151*0.8 -> 320 | N151: 13.55 | O151: =N151^2*PI()/4 -> 144.20107 | P151: =L151*O151/1000 -> 57.680427
A152: ROTHOBLAAS | B152: MGS 4.8 | C152: Threaded rod | D152: 3 | E152: 18 | F152: 1000 | G152: 18 | H152: =0.3*L152*N152^2.6/1000 -> 135.43682 | K152: 69.1 | L152: 400 | M152: =L152*0.8 -> 320 | N152: 14.93 | O152: =N152^2*PI()/4 -> 175.0691 | P152: =L152*O152/1000 -> 70.02764
A153: ROTHOBLAAS | B153: MGS 4.8 | C153: Threaded rod | D153: 3 | E153: 20 | F153: 1000 | G153: 20 | H153: =0.3*L153*N153^2.6/1000 -> 187.7973 | K153: 88.2 | L153: 400 | M153: =L153*0.8 -> 320 | N153: 16.93 | O153: =N153^2*PI()/4 -> 225.11467 | P153: =L153*O153/1000 -> 90.045868
A154: ROTHOBLAAS | B154: MGS 4.8 | C154: Threaded rod | D154: 3 | E154: 22 | F154: 1000 | G154: 22 | H154: =0.3*L154*N154^2.6/1000 -> 251.05729 | K154: 109.1 | L154: 400 | M154: =L154*0.8 -> 320 | N154: 18.93 | O154: =N154^2*PI()/4 -> 281.44343 | P154: =L154*O154/1000 -> 112.57737
A155: ROTHOBLAAS | B155: MGS 4.8 | C155: Threaded rod | D155: 3 | E155: 24 | F155: 1000 | G155: 24 | H155: =0.3*L155*N155^2.6/1000 -> 301.84423 | K155: 127.1 | L155: 400 | M155: =L155*0.8 -> 320 | N155: 20.32 | O155: =N155^2*PI()/4 -> 324.29279 | P155: =L155*O155/1000 -> 129.71711
A156: ROTHOBLAAS | B156: MGS 4.8 | C156: Threaded rod | D156: 3 | E156: 27 | F156: 1000 | G156: 27 | H156: =0.3*L156*N156^2.6/1000 -> 431.79287 | K156: 165.2 | L156: 400 | M156: =L156*0.8 -> 320 | N156: 23.32 | O156: =N156^2*PI()/4 -> 427.11711 | P156: =L156*O156/1000 -> 170.84685
A157: ROTHOBLAAS | B157: MGS 4.8 | C157: Threaded rod | D157: 3 | E157: 30 | F157: 1000 | G157: 30 | H157: =0.3*L157*N157^2.6/1000 -> 556.47626 | K157: 202 | L157: 400 | M157: =L157*0.8 -> 320 | N157: 25.71 | O157: =N157^2*PI()/4 -> 519.15141 | P157: =L157*O157/1000 -> 207.66056
A158: ROTHOBLAAS | B158: MGS 8.8 | C158: Threaded rod | D158: 3 | E158: 8 | F158: 1000 | G158: 8 | H158: =0.3*L158*N158^2.6/1000 -> 30.800827 | K158: 26.4 | L158: 800 | M158: =L158*0.8 -> 640 | N158: 6.47 | O158: =N158^2*PI()/4 -> 32.877474 | P158: =L158*O158/1000 -> 26.301979
... A168: ROTHOBLAAS | B168: MGS 8.8 | C168: Threaded rod | D168: 3 | E168: 30 | F168: 1000 | G168: 30 | H168: =0.3*L168*N168^2.6/1000 -> 1112.9525 | K168: 403.9 | L168: 800 | M168: =L168*0.8 -> 640 | N168: 25.71 | O168: =N168^2*PI()/4 -> 519.15141 | P168: =L168*O168/1000 -> 415.32112

Sheet Rothoblaas Washers
A1: Produsent | B1: Type | C1: Usage | D1: rod | E1: d int | F1: d ext | G1: s | H1: N ax,k | I1: Aef | J1: N/Aef [N/mm^2] | M1: 12*t | N1: 4*d
A2: ROTHOBLAAS | B2: ULS DIN 9021 | C2: Washer S235 DIN 9021 | D2: 8 | E2: 8.4 | F2: 24 | G2: 2 | H2: =7.5*I2/1000 -> 2.9772874 | I2: =(F2^2-E2^2)*PI()/4 -> 396.97165 | J2: =H2/I2*1000 -> 7.5 | M2: =12*G2 -> 24 | N2: =4*D2 -> 32 | O2: =MIN(M2,N2) -> 24
A3: ROTHOBLAAS | B3: ULS DIN 9021 | C3: Washer S235 DIN 9021 | D3: 10 | E3: 10.5 | F3: 30 | G3: 2.5 | H3: 4.65 | I3: =(F3^2-E3^2)*PI()/4 -> 620.2682 | J3: =H3/I3*1000 -> 7.4967571 | M3: =12*G3 -> 30 | N3: =4*D3 -> 40 | O3: =MIN(M3,N3) -> 30
A4: ROTHOBLAAS | B4: ULS DIN 9021 | C4: Washer S235 DIN 9021 | D4: 12 | E4: 13 | F4: 37 | G4: 3 | H4: 7.07 | I4: =(F4^2-E4^2)*PI()/4 -> 942.4778 | J4: =H4/I4*1000 -> 7.501503 | M4: =12*G4 -> 36 | N4: =4*D4 -> 48 | O4: =MIN(M4,N4) -> 36
A5: ROTHOBLAAS | B5: ULS DIN 9021 | C5: Washer S235 DIN 9021 | D5: 14 | E5: 15 | F5: 44 | G5: 3 | H5: =7.5*I5/1000 -> 10.078622 | I5: =(F5^2-E5^2)*PI()/4 -> 1343.8163 | J5: =H5/I5*1000 -> 7.5 | M5: =12*G5 -> 36 | N5: =4*D5 -> 56 | O5: =MIN(M5,N5) -> 36
A6: ROTHOBLAAS | B6: ULS DIN 9021 | C6: Washer S235 DIN 9021 | D6: 16 | E6: 17 | F6: 50 | G6: 3 | H6: 13.02 | I6: =(F6^2-E6^2)*PI()/4 -> 1736.5153 | J6: =H6/I6*1000 -> 7.4977743 | M6: =12*G6 -> 36 | N6: =4*D6 -> 64 | O6: =MIN(M6,N6) -> 36
A7: ROTHOBLAAS | B7: ULS DIN 9021 | C7: Washer S235 DIN 9021 | D7: 18 | E7: 20 | F7: 56 | G7: 4 | H7: =7.5*I7/1000 -> 16.11637 | I7: =(F7^2-E7^2)*PI()/4 -> 2148.8494 | J7: =H7/I7*1000 -> 7.5 | M7: =12*G7 -> 48 | N7: =4*D7 -> 72 | O7: =MIN(M7,N7) -> 48
A8: ROTHOBLAAS | B8: ULS DIN 9021 | C8: Washer S235 DIN 9021 | D8: 20 | E8: 22 | F8: 60 | G8: 4 | H8: 18.35 | I8: =(F8^2-E8^2)*PI()/4 -> 2447.3007 | J8: =H8/I8*1000 -> 7.498057 | M8: =12*G8 -> 48 | N8: =4*D8 -> 80 | O8: =MIN(M8,N8) -> 48
A9: ROTHOBLAAS | B9: ULS DIN 440 R | C9: Washer S235 DIN 440 R | D9: 10 | E9: 11 | F9: 34 | G9: 3 | H9: 6.1 | I9: =(F9^2-E9^2)*PI()/4 -> 812.8871 | J9: =H9/I9*1000 -> 7.5041171 | M9: =12*G9 -> 36 | N9: =4*D9 -> 40 | O9: =MIN(M9,N9) -> 36
A10: ROTHOBLAAS | B10: ULS DIN 440 R | C10: Washer S235 DIN 440 R | D10: 12 | E10: 13.5 | F10: 44 | G10: 4 | H10: 10.33 | I10: =(F10^2-E10^2)*PI()/4 -> 1377.392 | J10: =H10/I10*1000 -> 7.4996804 | M10: =12*G10 -> 48 | N10: =4*D10 -> 48 | O10: =MIN(M10,N10) -> 48
A11: ROTHOBLAAS | B11: ULS DIN 440 R | C11: Washer S235 DIN 440 R | D11: 16 | E11: 17.5 | F11: 56 | G11: 5 | H11: 16.67 | I11: =(F11^2-E11^2)*PI()/4 -> 2222.4805 | J11: =H11/I11*1000 -> 7.5006284 | M11: =12*G11 -> 60 | N11: =4*D11 -> 64 | O11: =MIN(M11,N11) -> 60
A12: ROTHOBLAAS | B12: ULS DIN 440 R | C12: Washer S235 DIN 440 R | D12: 20 | E12: 22 | F12: 72 | G12: 6 | H12: 27.69 | I12: =(F12^2-E12^2)*PI()/4 -> 3691.3714 | J12: =H12/I12*1000 -> 7.5012772 | M12: =12*G12 -> 72 | N12: =4*D12 -> 80 | O12: =MIN(M12,N12) -> 72
A13: ROTHOBLAAS | B13: ULS DIN 440 R | C13: Washer S235 DIN 440 R | D13: 22 | E13: 24 | F13: 80 | G13: 6 | H13: 34.31 | I13: =(F13^2-E13^2)*PI()/4 -> 4574.1589 | J13: =H13/I13*1000 -> 7.5008326 | M13: =12*G13 -> 72 | N13: =4*D13 -> 88 | O13: =MIN(M13,N13) -> 72
A14: ROTHOBLAAS | B14: ULS DIN 1052 | C14: Washer S235 DIN 1052 | D14: 12 | E14: 14 | F14: 58 | G14: 6 | H14: 18.66 | I14: =(F14^2-E14^2)*PI()/4 -> 2488.1414 | J14: =H14/I14*1000 -> 7.4995738 | M14: =12*G14 -> 72 | N14: =4*D14 -> 48 | O14: =MIN(M14,N14) -> 48
A15: ROTHOBLAAS | B15: ULS DIN 1052 | C15: Washer S235 DIN 1052 | D15: 16 | E15: 18 | F15: 68 | G15: 6 | H15: 25.33 | I15: =(F15^2-E15^2)*PI()/4 -> 3377.2121 | J15: =H15/I15*1000 -> 7.5002692 | M15: =12*G15 -> 72 | N15: =4*D15 -> 64 | O15: =MIN(M15,N15) -> 64
A16: ROTHOBLAAS | B16: ULS DIN 1052 | C16: Washer S235 DIN 1052 | D16: 20 | E16: 22 | F16: 80 | G16: 8 | H16: 34.85 | I16: =(F16^2-E16^2)*PI()/4 -> 4646.4155 | J16: =H16/I16*1000 -> 7.5004054 | M16: =12*G16 -> 96 | N16: =4*D16 -> 80 | O16: =MIN(M16,N16) -> 80
A17: ROTHOBLAAS | B17: ULS DIN 1052 | C17: Washer S235 DIN 1052 | D17: 22 | E17: 25 | F17: 92 | G17: 8 | H17: =7.5*I17/1000 -> 46.175522 | I17: =(F17^2-E17^2)*PI()/4 -> 6156.7362 | J17: =H17/I17*1000 -> 7.5 | M17: =12*G17 -> 96 | N17: =4*D17 -> 88 | O17: =MIN(M17,N17) -> 88
A18: ROTHOBLAAS | B18: ULS DIN 1052 | C18: Washer S235 DIN 1052 | D18: 24 | E18: 27 | F18: 105 | G18: 8 | H18: 60.65 | I18: =(F18^2-E18^2)*PI()/4 -> 8086.4595 | J18: =H18/I18*1000 -> 7.5001922 | M18: =12*G18 -> 96 | N18: =4*D18 -> 96 | O18: =MIN(M18,N18) -> 96
A19: ROTHOBLAAS | B19: ULS DIN 125 A | C19: Washer DIN 125 A | D19: 8 | E19: 8.4 | F19: 16 | G19: 1.6 | H19: =7.5*I19/1000 -> 1.0923318 | I19: =(F19^2-E19^2)*PI()/4 -> 145.64424 | J19: =H19/I19*1000 -> 7.5 | M19: =12*G19 -> 19.2 | N19: =4*D19 -> 32 | O19: =MIN(M19,N19) -> 19.2
A20: ROTHOBLAAS | B20: ULS DIN 125 A | C20: Washer DIN 125 A | D20: 10 | E20: 10.5 | F20: 20 | G20: 2 | H20: 1.71 | I20: =(F20^2-E20^2)*PI()/4 -> 227.56912 | J20: =H20/I20*1000 -> 7.5142006 | M20: =12*G20 -> 24 | N20: =4*D20 -> 40 | O20: =MIN(M20,N20) -> 24
A21: ROTHOBLAAS | B21: ULS DIN 125 A | C21: Washer DIN 125 A | D21: 12 | E21: 13 | F21: 24 | G21: 2.5 | H21: 2.4 | I21: =(F21^2-E21^2)*PI()/4 -> 319.65705 | J21: =H21/I21*1000 -> 7.5080465 | M21: =12*G21 -> 30 | N21: =4*D21 -> 48 | O21: =MIN(M21,N21) -> 30
A22: ROTHOBLAAS | B22: ULS DIN 125 A | C22: Washer DIN 125 A | D22: 16 | E22: 17 | F22: 30 | G22: 3 | H22: 3.6 | I22: =(F22^2-E22^2)*PI()/4 -> 479.87828 | J22: =H22/I22*1000 -> 7.5019024 | M22: =12*G22 -> 36 | N22: =4*D22 -> 64 | O22: =MIN(M22,N22) -> 36
A23: ROTHOBLAAS | B23: ULS DIN 125 A | C23: Washer DIN 125 A | D23: 20 | E23: 21 | F23: 37 | G23: 3 | H23: 5.47 | I23: =(F23^2-E23^2)*PI()/4 -> 728.8495 | J23: =H23/I23*1000 -> 7.5049788 | M23: =12*G23 -> 36 | N23: =4*D23 -> 80 | O23: =MIN(M23,N23) -> 36
A24: ROTHOBLAAS | B24: ULS DIN 125 A | C24: Washer DIN 125 A | D24: 24 | E24: 25 | F24: 44 | G24: 4 | H24: 7.72 | I24: =(F24^2-E24^2)*PI()/4 -> 1029.657 | J24: =H24/I24*1000 -> 7.4976425 | M24: =12*G24 -> 48 | N24: =4*D24 -> 96 | O24: =MIN(M24,N24) -> 48
A25: ROTHOBLAAS | B25: ULS DIN 125 A | C25: Washer DIN 125 A | D25: 27 | E25: 28 | F25: 50 | G25: 4 | H25: =7.5*I25/1000 -> 10.108074 | I25: =(F25^2-E25^2)*PI()/4 -> 1347.7432 | J25: =H25/I25*1000 -> 7.5 | M25: =12*G25 -> 48 | N25: =4*D25 -> 108 | O25: =MIN(M25,N25) -> 48
A26: ROTHOBLAAS | B26: ULS DIN 125 A | C26: Washer DIN 125 A | D26: 30 | E26: 31 | F26: 56 | G26: 4 | H26: =7.5*I26/1000 -> 12.811808 | I26: =(F26^2-E26^2)*PI()/4 -> 1708.241 | J26: =H26/I26*1000 -> 7.5 | M26: =12*G26 -> 48 | N26: =4*D26 -> 120 | O26: =MIN(M26,N26) -> 48
A27: ROTHOBLAAS | B27: HUS | C27: HBS | D27: 6 | E27: 7.5 | F27: 20 | G27: 4 | H27: =7.5*I27/1000 -> 2.0248546 | I27: =(F27^2-E27^2)*PI()/4 -> 269.98062 | J27: =H27/I27*1000 -> 7.5 | M27: =12*G27 -> 48 | N27: =4*D27 -> 24 | O27: =MIN(M27,N27) -> 24
A28: ROTHOBLAAS | B28: HUS | C28: HBS | D28: 8 | E28: 8.5 | F28: 25 | G28: 5 | H28: =7.5*I28/1000 -> 3.2559663 | I28: =(F28^2-E28^2)*PI()/4 -> 434.12883 | J28: =H28/I28*1000 -> 7.5 | M28: =12*G28 -> 60 | N28: =4*D28 -> 32 | O28: =MIN(M28,N28) -> 32
A29: ROTHOBLAAS | B29: HUS | C29: HBS | D29: 10 | E29: 11 | F29: 32 | G29: 6 | H29: =7.5*I29/1000 -> 5.3191091 | I29: =(F29^2-E29^2)*PI()/4 -> 709.21454 | J29: =H29/I29*1000 -> 7.5 | M29: =12*G29 -> 72 | N29: =4*D29 -> 40 | O29: =MIN(M29,N29) -> 40
A30: ROTHOBLAAS | B30: HUS | C30: HBS | D30: 12 | E30: 14 | F30: 37 | G30: 7.5 | H30: =7.5*I30/1000 -> 6.9095403 | I30: =(F30^2-E30^2)*PI()/4 -> 921.27205 | J30: =H30/I30*1000 -> 7.5 | M30: =12*G30 -> 90 | N30: =4*D30 -> 48 | O30: =MIN(M30,N30) -> 48

Sheet Rothoblaas Sharp Metal
A1: Produsent | B1: Type | C1: Usage | D1: Highest service class | E1: Width | F1: with screw | G1: fv0k | H1: fv90k | I1: fvEGk | J1: kser0k | K1: kser90k | L1: kserEGk
A2: ROTHOBLAAS | B2: SHARP50 | C2: Sharp Metal Low Density | D2: 2 | E2: 50 | F2: false | G2: 0.93 | H2: 0.2 | I2: 1.03 | J2: 3.13 | K2: 0.65 | L2: 4.19
A3: ROTHOBLAAS | B3: SHARP50H | C3: Sharp Metal High Density | D3: 2 | E3: 50 | F3: false | G3: 1.15 | H3: 0.51 | I3: 1.03 | J3: 6.47 | K3: 0.9 | L3: 5
A4: ROTHOBLAAS | B4: SHARP50 | C4: Sharp Metal Low Density | D4: 2 | E4: 50 | F4: true | G4: 2.02 | H4: 2.11 | I4: 1.92 | J4: 3.13 | K4: 0.65 | L4: 4.19
A5: ROTHOBLAAS | B5: SHARP50H | C5: Sharp Metal High Density | D5: 2 | E5: 50 | F5: true | G5: 2.24 | H5: 2.42 | I5: 1.92 | J5: 6.47 | K5: 0.9 | L5: 5

Sheet Simpson SplitRing
A1: Producer | B1: Type | C1: Type text | D1: Highest service class | E1: dc | F1: hc | G1: t | H1: r | I1: a1 | J1: a2 | K1: a3t | L1: a3c | M1: a4t | N1: a4c
E2: external d. | F2: Total | G2: thickness | H2: radius
A3: SIMPSON | B3: A1 | C3: Ring dowel | D3: 2 | E3: 65 | F3: 30 | G3: 5 | H3: 50 | I3: 130 | J3: 78 | K3: 130 | L3: 130 | M3: 52 | N3: 39
A4: SIMPSON | B4: A1 | C4: Ring dowel | D4: 2 | E4: 80 | F4: 30 | G4: 6 | H4: 50 | I4: 160 | J4: 96 | K4: 160 | L4: 160 | M4: 64 | N4: 48
A5: SIMPSON | B5: A1 | C5: Ring dowel | D5: 2 | E5: 95 | F5: 30 | G5: 6 | H5: 60 | I5: 190 | J5: 114 | K5: 190 | L5: 190 | M5: 76 | N5: 57
A6: SIMPSON | B6: A1 | C6: Ring dowel | D6: 2 | E6: 126 | F6: 30 | G6: 6 | H6: 60 | I6: 252 | J6: 152 | K6: 252 | L6: 252 | M6: 100.8 | N6: 75.6
A7: SIMPSON | B7: A1 | C7: Ring dowel | D7: 2 | E7: 128 | F7: 45 | G7: 8 | H7: 60 | I7: 256 | J7: 154 | K7: 256 | L7: 256 | M7: 103 | N7: 76.8
A8: SIMPSON | B8: A1 | C8: Ring dowel | D8: 2 | E8: 160 | F8: 45 | G8: 10 | H8: 60 | I8: 320 | J8: 192 | K8: 320 | L8: 320 | M8: 128 | N8: 96
A9: SIMPSON | B9: A1 | C9: Ring dowel | D9: 2 | E9: 190 | F9: 45 | G9: 10 | H9: 60 | I9: 380 | J9: 228 | K9: 380 | L9: 380 | M9: 152 | N9: 114

Sheet Strongtie Nails
A1: Produsent | B1: Type | C1: Usage | D1: Highest service class | E1: d | F1: l | G1: dh | H1: Ah | I1: ht | J1: My,k [Nm] | K1: faxk90[N/mm^2] | L1: fhead,k[N/mm^2] | M1: ftens,k[kN] | N1: Nettside
A2: StrongTie | B2: FIRKG | C2: Skarpkantspiker | D2: 3 | E2: 2 | F2: 50 | G2: 5 | J2: 1.289 | K2: 2.5 | L2: 8.6 | N2: https://www.strongtie.no/products/detail/skarpkantspiker-varmgalvanisert/1184
A3: StrongTie | B3: FIRKS | C3: Skarpkantspiker | D3: 3 | E3: 2 | F3: 50 | G3: 5 | H3: 19.63 | I3: 0.7 | N3: https://www.strongtie.no/products/detail/skarpkantspiker-syrefast-a4/1185
A4: StrongTie | B4: FIRKS | C4: Skarpkantspiker | D4: 3 | E4: 2.3 | F4: 60 | G4: 5.4 | H4: 22.9 | I4: 0.8 | J4: 2.566 | K4: 2.5 | L4: 8.6
A5: StrongTie | B5: FIRKS | C5: Skarpkantspiker | D5: 3 | E5: 2.8 | F5: 75 | G5: 6.4 | H5: 32.2 | I5: 1 | J5: 4.144 | K5: 2.5 | L5: 8.6
A6: StrongTie | B6: FIRKSQG | C6: Firkantspiker | D6: 3 | E6: 1.4 | F6: 25 | G6: 4 | N6: https://www.strongtie.no/products/detail/firkantspiker-varmgalvanisert/1475
A7: StrongTie | B7: FIRKSQG | C7: Firkantspiker | D7: 3 | E7: 1.7 | F7: 30 | G7: 4.2
A8: StrongTie | B8: FIRKSQG | C8: Firkantspiker | D8: 3 | E8: 1.7 | F8: 35 | G8: 4.2
A9: StrongTie | B9: FIRKSQG | C9: Firkantspiker | D9: 3 | E9: 1.7 | F9: 40 | G9: 4.2
A10: StrongTie | B10: FIRKSQG | C10: Firkantspiker | D10: 3 | E10: 2 | F10: 40 | G10: 4.9
A11: StrongTie | B11: FIRKSQG | C11: Firkantspiker | D11: 3 | E11: 2 | F11: 50 | G11: 4.9
A12: StrongTie | B12: FIRKSQG | C12: Firkantspiker | D12: 3 | E12: 2.2 | F12: 55 | G12: 5.3
A13: StrongTie | B13: FIRKSQG | C13: Firkantspiker | D13: 3 | E13: 2.5 | F13: 65 | G13: 6 | J13: 3.3 | K13: 2.5 | L13: 8.6
A14: StrongTie | B14: FIRKSQG | C14: Firkantspiker | D14: 3 | E14: 2.8 | F14: 65 | G14: 6.8 | J14: 4.3 | K14: 2.5 | L14: 8.6
A15: StrongTie | B15: FIRKSQG | C15: Firkantspiker | D15: 3 | E15: 2.8 | F15: 75 | G15: 6.8 | J15: 4.3 | K15: 2.5 | L15: 8.6
A16: StrongTie | B16: FIRKSQG | C16: Firkantspiker | D16: 3 | E16: 2.8 | F16: 90 | G16: 6.8 | J16: 4.3 | K16: 2.5 | L16: 8.6
A17: StrongTie | B17: FIRKSQG | C17: Firkantspiker | D17: 3 | E17: 3.4 | F17: 95 | G17: 7.6 | J17: 7 | K17: 2.5 | L17: 8.6
A18: StrongTie | B18: FIRKSQG | C18: Firkantspiker | D18: 3 | E18: 3.8 | F18: 125 | G18: 8 | J18: 13.7 | K18: 2.5 | L18: 8.6
A19: StrongTie | B19: FIRKSQG | C19: Firkantspiker | D19: 3 | E19: 4.2 | F19: 125 | G19: 8.7 | J19: 15.1 | K19: 2.5 | L19: 8.6
A20: StrongTie | B20: FIRKSQG | C20: Firkantspiker | D20: 3 | E20: 4.8 | F20: 150 | G20: 10 | J20: 29.3 | K20: 2.5 | L20: 8.6
A21: StrongTie | B21: FIRKSQG | C21: Firkantspiker | D21: 3 | E21: 5.5 | F21: 175 | G21: 11.5 | J21: 34 | K21: 2.5 | L21: 8.6
A22: StrongTie | B22: FIRKSQG | C22: Firkantspiker | D22: 3 | E22: 6 | F22: 190 | G22: 13 | J22: 35.1 | K22: 2.5 | L22: 8.6
A23: StrongTie | B23: FIRKSQU | C23: Firkantspiker | D23: 1 | E23: 2 | F23: 50 | G23: 11.5
A24: StrongTie | B24: FIRKSQU | C24: Firkantspiker | D24: 1 | E24: 2.2 | F24: 55 | G24: 11.5
A25: StrongTie | B25: FIRKSQU | C25: Firkantspiker | D25: 1 | E25: 2.5 | F25: 65 | G25: 6 | J25: 3.3 | K25: 2.5 | L25: 8.6
A26: StrongTie | B26: FIRKSQU | C26: Firkantspiker | D26: 1 | E26: 2.8 | F26: 75 | G26: 6.8 | J26: 4.3 | K26: 2.5 | L26: 8.6
A27: StrongTie | B27: FIRKSQU | C27: Firkantspiker | D27: 1 | E27: 3.4 | F27: 95 | G27: 7.6 | J27: 7 | K27: 2.5 | L27: 8.6
A28: StrongTie | B28: HNZ | C28: Herdet stålspiker | D28: 1 | E28: 3 | F28: 30 | G28: 6 | N28: https://www.strongtie.no/products/detail/herdet-stalspiker/1411
A29: StrongTie | B29: HNZ | C29: Herdet stålspiker | D29: 1 | E29: 3 | F29: 40 | G29: 6
A30: StrongTie | B30: HNZ | C30: Herdet stålspiker | D30: 1 | E30: 3 | F30: 50 | G30: 6
A31: StrongTie | B31: HNZ | C31: Herdet stålspiker | D31: 1 | E31: 3 | F31: 60 | G31: 6
A32: StrongTie | B32: HNZ | C32: Herdet stålspiker | D32: 1 | E32: 3 | F32: 70 | G32: 6
A33: StrongTie | B33: NCNG | C33: Bygningspiker | D33: 3 | E33: 4 | F33: 75 | G33: 7.5 | N33: https://www.strongtie.no/products/detail/bygningspiker-varmgalvanisert/1412
A34: StrongTie | B34: NCNG | C34: Bygningspiker | D34: 3 | E34: 5 | F34: 100 | G34: 8.5
A35: StrongTie | B35: NCNG | C35: Bygningspiker | D35: 3 | E35: 8 | F35: 150 | G35: 9
A36: StrongTie | B36: NCNG | C36: Bygningspiker | D36: 3 | E36: 6 | F36: 125 | G36: 9
A37: StrongTie | B37: BASN | C37: Stavspiker | D37: 3 | E37: 2.8 | F37: 49.5 | G37: 6.6 | J37: 2.6 | K37: 4.9 | L37: 22.6 | M37: 4 | N37: https://www.strongtie.no/products/detail/17-stavspiker-plastbandet-varmgalvanisert/1477
A38: StrongTie | B38: BASN | C38: Stavspiker | D38: 3 | E38: 2.8 | F38: 54.5 | G38: 6.6 | J38: 2.6 | K38: 4.9 | L38: 22.6 | M38: 4
A39: StrongTie | B39: BASN | C39: Stavspiker | D39: 3 | E39: 2.8 | F39: 63.5 | G39: 6.6 | J39: 2.6 | K39: 4.9 | L39: 22.6 | M39: 4
A40: StrongTie | B40: BASN | C40: Stavspiker | D40: 3 | E40: 2.8 | F40: 73.5 | G40: 6.6 | J40: 2.6 | K40: 4.9 | L40: 22.6 | M40: 4
A41: StrongTie | B41: BASN | C41: Stavspiker | D41: 3 | E41: 3 | F41: 88 | G41: 6.6 | J41: 3.9 | K41: 5.4 | L41: 20.9 | M41: 4.8
A42: StrongTie | B42: FIRKD | C42: Stavspiker | D42: 3 | E42: 2.8 | F42: 64 | G42: 11.5 | J42: 3.7 | K42: 2.5 | L42: 20.5
A43: StrongTie | B43: FIRKD | C43: Stavspiker | D43: 3 | E43: 2.8 | F43: 73 | G43: 11.5 | J43: 3.7 | K43: 2.5 | L43: 20.5
A44: StrongTie | B44: FIRKD | C44: Stavspiker | D44: 3 | E44: 2.8 | F44: 87 | G44: 11.5 | J44: 3.7 | K44: 2.5 | L44: 20.5
A45: StrongTie | B45: RSN | C45: Stavspiker | D45: 1 | E45: 2.8 | F45: 63.5 | G45: 6.2 | J45: 3.2 | K45: 8.9 | L45: 29.4 | M45: 3.4
A46: StrongTie | B46: RSN | C46: Stavspiker | D46: 1 | E46: 2.8 | F46: 73.5 | G46: 6.9 | J46: 3.2 | K46: 8.9 | L46: 29.4 | M46: 3.4
A47: StrongTie | B47: RSN | C47: Stavspiker | D47: 1 | E47: 3.1 | F47: 88 | G47: 6.9 | J47: 4.6 | K47: 8.3 | L47: 18.1 | M47: 3.8
A48: StrongTie | B48: RSN | C48: Stavspiker | D48: 1 | E48: 3.1 | F48: 64.5 | G48: 6.9 | J48: 4.6 | K48: 8.3 | L48: 18.1 | M48: 3.8
A49: StrongTie | B49: RSN | C49: Stavspiker | D49: 1 | E49: 2.8 | F49: 65 | G49: 6.5 | J49: 3.2 | K49: 10.7 | L49: 30.1 | M49: 3.1
A50: StrongTie | B50: RSN | C50: Stavspiker | D50: 1 | E50: 2.8 | F50: 75 | G50: 6.5 | J50: 3.2 | K50: 10.7 | L50: 30.1 | M50: 3.1
A51: StrongTie | B51: RSN | C51: Stavspiker | D51: 1 | E51: 3.1 | F51: 88 | G51: 6.5 | J51: 4.4 | K51: 9.5 | L51: 20.8 | M51: 3.1
A52: StrongTie | B52: KNURC | C52: Coilspiker | D52: 1 | E52: 2.5 | F52: 32 | G52: 5.5 | J52: 3.9 | K52: 2.3 | L52: 19.4 | M52: 6.4
A53: StrongTie | B53: RSNC | C53: Coilspiker | D53: 1 | E53: 2.5 | F53: 43.5 | G53: 5.7 | J53: 2 | K53: 5.1 | L53: 22 | M53: 3
A54: StrongTie | B54: RSNC | C54: Coilspiker | D54: 1 | E54: 2.5 | F54: 53.5 | G54: 5.7 | J54: 2 | K54: 5.1 | L54: 22 | M54: 3
A55: StrongTie | B55: RSNC | C55: Coilspiker | D55: 1 | E55: 2.5 | F55: 63.5 | G55: 5.7 | J55: 2 | K55: 5.1 | L55: 22 | M55: 3
A56: StrongTie | B56: RSNC | C56: Coilspiker | D56: 1 | E56: 2.8 | F56: 73.5 | G56: 6.9 | J56: 3.2 | K56: 8.9 | L56: 29.4 | M56: 3.4
... A58: StrongTie | B58: RSNC | C58: Coilspiker | D58: 1 | E58: 3.1 | F58: 64.5 | G58: 6.9 | J58: 4.6 | K58: 8.3 | L58: 18.1 | M58: 3.8
A59: StrongTie | B59: CNA | C59: Beslagspiker | D59: 3 | E59: 4 | F59: 50 | G59: 8

Sheet Strongtie Screws (utgått)
A1: Produsent | B1: Type | C1: Type 2 | D1: Kvalitet | E1: Hode | F1: Betegnelse | G1: Nominell diameter | H1: Kjernediameter | I1: Totallengde | J1: Gjengdelengde | K1: Hodediameter | L1: Uttrekk | M1: Gjennomdragning | N1: Flytmoment | O1: Strekkbelastning | P1: Indrivningsmoment | Q1: Klimaklasse | R1: Flytegrense
G2: d | H2: d1 | I2: l | J2: lg | K2: dh | L2: f_ax,k | M2: f_head,k | N2: My,k | O2: f_tens,k | P2: F_tor,k/R_tor,k >= 1.5 | R2: fy,k
G3: [mm] | H3: [mm] | I3: [mm] | J3: [mm] | K3: [mm] | L3: [N/mm2] | M3: [N/mm2] | N3: [Nmm] | O3: [kN] | R3: [Mpa]
A4: Strongtie | B4: Nordisk Treskrue | C4: TD | D4: varmforsinket | E4: sekskanthode | F4: 8,0x35 | G4: 8 | H4: 5.2 | I4: 35 | J4: 30 | K4: 12.8 | L4: 12.6 | M4: 19.5 | N4: 20100 | O4: 17.6 | P4: 2.2 | Q4: 3
A5: Strongtie | B5: Nordisk Treskrue | C5: TD | D5: varmforsinket | E5: sekskanthode | F5: 8,0x45 | G5: 8 | H5: 5.2 | I5: 45 | J5: 30 | K5: 12.8 | L5: 12.6 | M5: 19.5 | N5: 20100 | O5: 17.6 | P5: 2.2 | Q5: 3
A6: Strongtie | B6: Nordisk Treskrue | C6: TD | D6: varmforsinket | E6: sekskanthode | F6: 8,0x55 | G6: 8 | H6: 5.2 | I6: 55 | J6: 30 | K6: 12.8 | L6: 12.6 | M6: 19.5 | N6: 20100 | O6: 17.6 | P6: 2.2 | Q6: 3
A7: Strongtie | B7: Nordisk Treskrue | C7: TD | D7: varmforsinket | E7: sekskanthode | F7: 8,0x75 | G7: 8 | H7: 5.2 | I7: 75 | J7: 45 | K7: 12.8 | L7: 12.6 | M7: 19.5 | N7: 20100 | O7: 17.6 | P7: 2.2 | Q7: 3
A8: Strongtie | B8: Nordisk Treskrue | C8: TD | D8: varmforsinket | E8: sekskanthode | F8: 8,0x100 | G8: 8 | H8: 5.2 | I8: 100 | J8: 60 | K8: 12.8 | L8: 12.6 | M8: 19.5 | N8: 20100 | O8: 17.6 | P8: 2.2 | Q8: 3
A9: Strongtie | B9: Nordisk Treskrue | C9: TD | D9: varmforsinket | E9: sekskanthode | F9: 8,0x130 | G9: 8 | H9: 5.2 | I9: 130 | J9: 70 | K9: 12.8 | L9: 12.6 | M9: 19.5 | N9: 20100 | O9: 17.6 | P9: 2.2 | Q9: 3
A10: Strongtie | B10: Nordisk Treskrue | C10: TD | D10: varmforsinket | E10: sekskanthode | F10: 10,0x40 | G10: 10 | H10: 7 | I10: 40 | J10: 30 | K10: 14.8 | L10: 11.7 | M10: 18 | N10: 44900 | O10: 32.2 | P10: 3.3 | Q10: 3
A11: Strongtie | B11: Nordisk Treskrue | C11: TD | D11: varmforsinket | E11: sekskanthode | F11: 10,0x50 | G11: 10 | H11: 7 | I11: 50 | J11: 30 | K11: 14.8 | L11: 11.7 | M11: 18 | N11: 44900 | O11: 32.2 | P11: 3.3 | Q11: 3
A12: Strongtie | B12: Nordisk Treskrue | C12: TD | D12: varmforsinket | E12: sekskanthode | F12: 10,0x75 | G12: 10 | H12: 7 | I12: 75 | J12: 45 | K12: 14.8 | L12: 11.7 | M12: 18 | N12: 44900 | O12: 32.2 | P12: 3.3 | Q12: 3
A13: Strongtie | B13: Nordisk Treskrue | C13: TD | D13: varmforsinket | E13: sekskanthode | F13: 10,0x90 | G13: 10 | H13: 7 | I13: 90 | J13: 60 | K13: 14.8 | L13: 11.7 | M13: 18 | N13: 44900 | O13: 32.2 | P13: 3.3 | Q13: 3
A14: Strongtie | B14: Nordisk Treskrue | C14: TD | D14: varmforsinket | E14: sekskanthode | F14: 10,0x120 | G14: 10 | H14: 7 | I14: 120 | J14: 60 | K14: 14.8 | L14: 11.7 | M14: 18 | N14: 44900 | O14: 32.2 | P14: 3.3 | Q14: 3
A15: Strongtie | B15: Nordisk Treskrue | C15: TD | D15: varmforsinket | E15: sekskanthode | F15: 10,0x150 | G15: 10 | H15: 7 | I15: 150 | J15: 60 | K15: 14.8 | L15: 11.7 | M15: 18 | N15: 44900 | O15: 32.2 | P15: 3.3 | Q15: 3
... A35: Strongtie | B35: Treskrue | C35: TTUF | D35: elforsinket | E35: senkhode | F35: 6,0x180 | G35: 6 | H35: 3.8 | I35: 180 | J35: 70 | K35: 11.6 | L35: 10.2 | M35: 16.5 | N35: 12300 | O35: 12.3 | P35: 3.2 | Q35: 1
A36: Strongtie | B36: Treskrue | D36: elforsinket | E36: panhode | F36: 5,0x30 | G36: 5 | H36: 3.1 | I36: 30 | J36: 26 | K36: 9.7 | L36: 10.9 | M36: 19.6 | N36: 7800 | O36: 10.6 | P36: 3.4 | Q36: 1
A37: Strongtie | B37: Treskrue | D37: elforsinket | E37: panhode | F37: 5,0x40 | G37: 5 | H37: 3.1 | I37: 40 | J37: 36 | K37: 9.7 | L37: 10.9 | M37: 19.6 | N37: 7800 | O37: 10.6 | P37: 3.4 | Q37: 1
A38: Strongtie | B38: Treskrue | D38: elforsinket | E38: panhode | F38: 5,0x50 | G38: 5 | H38: 3.1 | I38: 50 | J38: 30 | K38: 9.7 | L38: 10.9 | M38: 19.6 | N38: 7800 | O38: 10.6 | P38: 3.4 | Q38: 1
A39: Strongtie | B39: Treskrue | D39: elforsinket | E39: panhode | F39: 5,0x60 | G39: 5 | H39: 3.1 | I39: 60 | J39: 35 | K39: 9.7 | L39: 10.9 | M39: 19.6 | N39: 7800 | O39: 10.6 | P39: 3.4 | Q39: 1
A40: Strongtie | B40: Treskrue | D40: elforsinket | E40: panhode | F40: 5,0x70 | G40: 5 | H40: 3.1 | I40: 70 | J40: 40 | K40: 9.7 | L40: 10.9 | M40: 19.6 | N40: 7800 | O40: 10.6 | P40: 3.4 | Q40: 1
A41: Strongtie | B41: Treskrue | D41: elforsinket | E41: panhode | F41: 5,0x80 | G41: 5 | H41: 3.1 | I41: 80 | J41: 50 | K41: 9.7 | L41: 10.9 | M41: 19.6 | N41: 7800 | O41: 10.6 | P41: 3.4 | Q41: 1
A42: Strongtie | B42: Treskrue | D42: elforsinket | E42: panhode | F42: 6,0x40 | G42: 6 | H42: 3.7 | I42: 40 | J42: 35 | K42: 11.7 | L42: 14.6 | M42: 16 | N42: 12467 | O42: 14.2 | P42: 2.6 | Q42: 1
A43: Strongtie | B43: Treskrue | D43: elforsinket | E43: panhode | F43: 6,0x50 | G43: 6 | H43: 3.7 | I43: 50 | J43: 30 | K43: 11.7 | L43: 14.6 | M43: 16 | N43: 12467 | O43: 14.2 | P43: 2.6 | Q43: 1
A44: Strongtie | B44: Treskrue | D44: elforsinket | E44: panhode | F44: 6,0x60 | G44: 6 | H44: 3.7 | I44: 60 | J44: 35 | K44: 11.7 | L44: 14.6 | M44: 16 | N44: 12467 | O44: 14.2 | P44: 2.6 | Q44: 1
A45: Strongtie | B45: Treskrue | D45: elforsinket | E45: panhode | F45: 6,0x70 | G45: 6 | H45: 3.7 | I45: 70 | J45: 40 | K45: 11.7 | L45: 14.6 | M45: 16 | N45: 12467 | O45: 14.2 | P45: 2.6 | Q45: 1
A46: Strongtie | B46: Treskrue | D46: elforsinket | E46: panhode | F46: 6,0x80 | G46: 6 | H46: 3.7 | I46: 80 | J46: 50 | K46: 11.7 | L46: 14.6 | M46: 16 | N46: 12467 | O46: 14.2 | P46: 2.6 | Q46: 1
A47: Strongtie | B47: Treskrue | D47: elforsinket | E47: panhode | F47: 6,0x90 | G47: 6 | H47: 3.7 | I47: 90 | J47: 50 | K47: 11.7 | L47: 14.6 | M47: 16 | N47: 12467 | O47: 14.2 | P47: 2.6 | Q47: 1
... A67: Strongtie | B67: Treskrue | D67: syrefast A4 | E67: senkhode | F67: 6,0x140 | G67: 6 | H67: 4 | I67: 140 | J67: 65 | K67: 11.6 | L67: 16.2 | M67: 22.4 | N67: 8892 | O67: 9.2 | P67: 2.6 | Q67: 3
A68: Strongtie | B68: Nordisk Treskrue | C68: TD | D68: varmforsinket | E68: senkhode | F68: 5,0x55 | G68: 5 | H68: 3.7 | I68: 55 | J68: 31 | K68: 8.7 | L68: 12.7 | M68: 22.2 | N68: 8800 | O68: 10.1 | P68: 2 | Q68: 1
A69: Strongtie | B69: Nordisk Treskrue | C69: TD | D69: varmforsinket | E69: senkhode | F69: 5,0x75 | G69: 5 | H69: 3.7 | I69: 75 | J69: 50 | K69: 8.7 | L69: 12.7 | M69: 22.2 | N69: 8800 | O69: 10.1 | P69: 2 | Q69: 1
A70: Strongtie | B70: Nordisk Treskrue | C70: TD | D70: varmforsinket | E70: senkhode | F70: 5,0x80 | G70: 5 | H70: 3.7 | I70: 80 | J70: 40 | K70: 8.7 | L70: 12.7 | M70: 22.2 | N70: 8800 | O70: 10.1 | P70: 2 | Q70: 1
A71: Strongtie | B71: Nordisk Treskrue | C71: TD | D71: varmforsinket | E71: senkhode | F71: 5,0x90 | G71: 5 | H71: 3.7 | I71: 90 | J71: 45 | K71: 8.7 | L71: 12.7 | M71: 22.2 | N71: 8800 | O71: 10.1 | P71: 2 | Q71: 1
A72: Strongtie | B72: Nordisk Treskrue | C72: TD | D72: varmforsinket | E72: senkhode | F72: 5,0x100 | G72: 5 | H72: 3.7 | I72: 100 | J72: 50 | K72: 8.7 | L72: 12.7 | M72: 22.2 | N72: 8800 | O72: 10.1 | P72: 2 | Q72: 1
A73: Strongtie | B73: Nordisk Treskrue | C73: TD | D73: varmforsinket | E73: senkhode | F73: 5,0x120 | G73: 5 | H73: 3.7 | I73: 120 | J73: 50 | K73: 8.7 | L73: 12.7 | M73: 22.2 | N73: 8800 | O73: 10.1 | P73: 2 | Q73: 1
A74: Strongtie | B74: Nordisk Treskrue | C74: TD | D74: varmforsinket | E74: senkhode | F74: 5,0x140 | G74: 5 | H74: 3.7 | I74: 140 | J74: 50 | K74: 8.7 | L74: 12.7 | M74: 22.2 | N74: 8800 | O74: 10.1 | P74: 2 | Q74: 1
A75: Strongtie | B75: Nordisk Treskrue | C75: TD | D75: varmforsinket | E75: senkhode | F75: 6,0x55 | G75: 6 | H75: 4 | I75: 55 | J75: 31.5 | K75: 11.5 | L75: 11.5 | M75: 16.5 | N75: 10900 | O75: 12.2 | P75: 2.6 | Q75: 3
A76: Strongtie | B76: Nordisk Treskrue | C76: TD | D76: varmforsinket | E76: senkhode | F76: 6,0x75 | G76: 6 | H76: 4 | I76: 75 | J76: 50 | K76: 11.5 | L76: 11.5 | M76: 16.5 | N76: 10900 | O76: 12.2 | P76: 2.6 | Q76: 3
A77: Strongtie | B77: Nordisk Treskrue | C77: TD | D77: varmforsinket | E77: senkhode | F77: 6,0x80 | G77: 6 | H77: 4 | I77: 80 | J77: 40 | K77: 11.5 | L77: 11.5 | M77: 16.5 | N77: 10900 | O77: 12.2 | P77: 2.6 | Q77: 3
A78: Strongtie | B78: Nordisk Treskrue | C78: TD | D78: varmforsinket | E78: senkhode | F78: 6,0x90 | G78: 6 | H78: 4 | I78: 90 | J78: 45 | K78: 11.5 | L78: 11.5 | M78: 16.5 | N78: 10900 | O78: 12.2 | P78: 2.6 | Q78: 3
A79: Strongtie | B79: Nordisk Treskrue | C79: TD | D79: varmforsinket | E79: senkhode | F79: 6,0x100 | G79: 6 | H79: 4 | I79: 100 | J79: 41 | K79: 11.5 | L79: 11.5 | M79: 16.5 | N79: 10900 | O79: 12.2 | P79: 2.6 | Q79: 3
... A128: Strongtie | B128: Treskrue | C128: ZNNI | D128: C4 | E128: panhode | F128: 6,0x100 | G128: 6 | H128: 3.7 | I128: 100 | J128: 60 | K128: 11.7 | L128: 14.6 | M128: 16 | N128: 12467 | O128: 14.2 | P128: 2.6 | Q128: 1
A129: Strongtie | B129: Treskrue | C129: ZNNI | D129: C4 | E129: senkhode | F129: 4,5x25 | G129: 4.5 | H129: 2.8 | I129: 25 | J129: 20 | K129: 8.4 | L129: 16.4 | M129: 14.4 | N129: 5753 | O129: 6.8 | P129: 2.7
A130: Strongtie | B130: Treskrue | C130: ZNNI | D130: C4 | E130: senkhode | F130: 4,5x30 | G130: 4.5 | H130: 2.8 | I130: 30 | J130: 25 | K130: 8.4 | L130: 16.4 | M130: 14.4 | N130: 5753 | O130: 6.8 | P130: 2.7
A131: Strongtie | B131: Treskrue | C131: ZNNI | D131: C4 | E131: senkhode | F131: 4,5x40 | G131: 4.5 | H131: 2.8 | I131: 40 | J131: 35 | K131: 8.4 | L131: 16.4 | M131: 14.4 | N131: 5753 | O131: 6.8 | P131: 2.7
A132: Strongtie | B132: Treskrue | C132: ZNNI | D132: C4 | E132: senkhode | F132: 4,5x50 | G132: 4.5 | H132: 2.8 | I132: 50 | J132: 30 | K132: 8.4 | L132: 16.4 | M132: 14.4 | N132: 5753 | O132: 6.8 | P132: 2.7
A133: Strongtie | B133: Treskrue | C133: ZNNI | D133: C4 | E133: senkhode | F133: 4,5x60 | G133: 4.5 | H133: 2.8 | I133: 60 | J133: 35 | K133: 8.4 | L133: 16.4 | M133: 14.4 | N133: 5753 | O133: 6.8 | P133: 2.7
A134: Strongtie | B134: Treskrue | C134: ZNNI | D134: C4 | E134: senkhode | F134: 4,5x70 | G134: 4.5 | H134: 2.8 | I134: 70 | J134: 40 | K134: 8.4 | L134: 16.4 | M134: 14.4 | N134: 5753 | O134: 6.8 | P134: 2.7
A135: Strongtie | B135: Treskrue | C135: ZNNI | D135: C4 | E135: senkhode | F135: 5,0x50 | G135: 5 | H135: 3.2 | I135: 50 | J135: 30 | K135: 9.5 | L135: 10.9 | M135: 15.4 | N135: 7800 | O135: 9.9 | P135: 3.3 | Q135: 1
A136: Strongtie | B136: Treskrue | C136: ZNNI | D136: C4 | E136: senkhode | F136: 5,0x60 | G136: 5 | H136: 3.2 | I136: 60 | J136: 35 | K136: 9.5 | L136: 10.9 | M136: 15.4 | N136: 7800 | O136: 9.9 | P136: 3.3 | Q136: 1
A137: Strongtie | B137: Treskrue | C137: ZNNI | D137: C4 | E137: senkhode | F137: 5,0x70 | G137: 5 | H137: 3.2 | I137: 70 | J137: 40 | K137: 9.5 | L137: 10.9 | M137: 15.4 | N137: 7800 | O137: 9.9 | P137: 3.3 | Q137: 1
A138: Strongtie | B138: Treskrue | C138: ZNNI | D138: C4 | E138: senkhode | F138: 5,0x80 | G138: 5 | H138: 3.2 | I138: 80 | J138: 40 | K138: 9.5 | L138: 10.9 | M138: 15.4 | N138: 7800 | O138: 9.9 | P138: 3.3 | Q138: 1
A139: Strongtie | B139: Treskrue | C139: ZNNI | D139: C4 | E139: senkhode | F139: 5,0x90 | G139: 5 | H139: 3.2 | I139: 90 | J139: 45 | K139: 9.5 | L139: 10.9 | M139: 15.4 | N139: 7800 | O139: 9.9 | P139: 3.3 | Q139: 1
A140: Strongtie | B140: Treskrue | C140: ZNNI | D140: C4 | E140: senkhode | F140: 5,0x100 | G140: 5 | H140: 3.2 | I140: 100 | J140: 60 | K140: 9.5 | L140: 10.9 | M140: 15.4 | N140: 7800 | O140: 9.9 | P140: 3.3 | Q140: 1
A141: Strongtie | B141: Treskrue | C141: ZNNI | D141: C4 | E141: senkhode | F141: 5,0x120 | G141: 5 | H141: 3.2 | I141: 120 | J141: 60 | K141: 9.5 | L141: 10.9 | M141: 15.4 | N141: 7800 | O141: 9.9 | P141: 3.3 | Q141: 1
A142: Strongtie | B142: Treskrue | C142: ZNNI | D142: C4 | E142: senkhode | F142: 6,0x60 | G142: 6 | H142: 3.8 | I142: 60 | J142: 35 | K142: 11.6 | L142: 14.9 | M142: 17.1 | N142: 14109 | O142: 14.5 | P142: 3.3 | Q142: 1
A143: Strongtie | B143: Treskrue | C143: ZNNI | D143: C4 | E143: senkhode | F143: 6,0x70 | G143: 6 | H143: 3.8 | I143: 70 | J143: 40 | K143: 11.6 | L143: 14.9 | M143: 17.1 | N143: 14109 | O143: 14.5 | P143: 3.3 | Q143: 1
A144: Strongtie | B144: Treskrue | C144: ZNNI | D144: C4 | E144: senkhode | F144: 6,0x80 | G144: 6 | H144: 3.8 | I144: 80 | J144: 40 | K144: 11.6 | L144: 14.9 | M144: 17.1 | N144: 14109 | O144: 14.5 | P144: 3.3 | Q144: 1
A145: Strongtie | B145: Treskrue | C145: ZNNI | D145: C4 | E145: senkhode | F145: 6,0x90 | G145: 6 | H145: 3.8 | I145: 90 | J145: 45 | K145: 11.6 | L145: 14.9 | M145: 17.1 | N145: 14109 | O145: 14.5 | P145: 3.3 | Q145: 1
A146: Strongtie | B146: Treskrue | C146: ZNNI | D146: C4 | E146: senkhode | F146: 6,0x100 | G146: 6 | H146: 3.8 | I146: 100 | J146: 60 | K146: 11.6 | L146: 14.9 | M146: 17.1 | N146: 14109 | O146: 14.5 | P146: 3.3 | Q146: 1
... A163: Strongtie | B163: Konstruksjonsskrue Tre | C163: TTGF-W | D163: C2 | E163: skivehode | F163: 6,0x300 | G163: 6 | H163: 3.8 | I163: 300 | J163: 70 | K163: 14 | L163: 13 | M163: 22.1 | N163: 13176 | O163: 14.8 | P163: 2.7 | Q163: 2
A164: Strongtie | B164: Konstruksjonsskrue Tre | C164: TTGF-W | D164: C2 | E164: skivehode | F164: 8,0x80 | G164: 8 | H164: 5.3 | I164: 80 | J164: 50 | K164: 22 | L164: 12.2 | M164: 19 | N164: 40045 | O164: 27.7 | Q164: 2
A165: Strongtie | B165: Konstruksjonsskrue Tre | C165: TTGF-W | D165: C2 | E165: skivehode | F165: 8,0x100 | G165: 8 | H165: 5.3 | I165: 100 | J165: 50 | K165: 22 | L165: 12.2 | M165: 19 | N165: 40045 | O165: 27.7 | Q165: 2
A166: Strongtie | B166: Konstruksjonsskrue Tre | C166: TTGF-W | D166: C2 | E166: skivehode | F166: 8,0x120 | G166: 8 | H166: 5.3 | I166: 120 | J166: 80 | K166: 22 | L166: 12.2 | M166: 19 | N166: 40045 | O166: 27.7 | Q166: 2
A167: Strongtie | B167: Konstruksjonsskrue Tre | C167: TTGF-W | D167: C2 | E167: skivehode | F167: 8,0x140 | G167: 8 | H167: 5.3 | I167: 140 | J167: 80 | K167: 22 | L167: 12.2 | M167: 19 | N167: 40045 | O167: 27.7 | Q167: 2
A168: Strongtie | B168: Konstruksjonsskrue Tre | C168: TTGF-W | D168: C2 | E168: skivehode | F168: 8,0x160 | G168: 8 | H168: 5.3 | I168: 160 | J168: 80 | K168: 22 | L168: 12.2 | M168: 19 | N168: 40045 | O168: 27.7 | Q168: 2
A169: Strongtie | B169: Konstruksjonsskrue Tre | C169: TTGF-W | D169: C2 | E169: skivehode | F169: 8,0x180 | G169: 8 | H169: 5.3 | I169: 180 | J169: 80 | K169: 22 | L169: 12.2 | M169: 19 | N169: 40045 | O169: 27.7 | Q169: 2
A170: Strongtie | B170: Konstruksjonsskrue Tre | C170: TTGF-W | D170: C2 | E170: skivehode | F170: 8,0x200 | G170: 8 | H170: 5.3 | I170: 200 | J170: 80 | K170: 22 | L170: 12.2 | M170: 19 | N170: 40045 | O170: 27.7 | Q170: 2
A171: Strongtie | B171: Konstruksjonsskrue Tre | C171: TTGF-W | D171: C2 | E171: skivehode | F171: 8,0x220 | G171: 8 | H171: 5.3 | I171: 220 | J171: 80 | K171: 22 | L171: 12.2 | M171: 19 | N171: 40045 | O171: 27.7 | Q171: 2
A172: Strongtie | B172: Konstruksjonsskrue Tre | C172: TTGF-W | D172: C2 | E172: skivehode | F172: 8,0x240 | G172: 8 | H172: 5.3 | I172: 240 | J172: 80 | K172: 22 | L172: 12.2 | M172: 19 | N172: 40045 | O172: 27.7 | Q172: 2
A173: Strongtie | B173: Konstruksjonsskrue Tre | C173: TTGF-W | D173: C2 | E173: skivehode | F173: 8,0x260 | G173: 8 | H173: 5.3 | I173: 260 | J173: 80 | K173: 22 | L173: 12.2 | M173: 19 | N173: 40045 | O173: 27.7 | Q173: 2
A174: Strongtie | B174: Konstruksjonsskrue Tre | C174: TTGF-W | D174: C2 | E174: skivehode | F174: 8,0x280 | G174: 8 | H174: 5.3 | I174: 280 | J174: 80 | K174: 22 | L174: 12.2 | M174: 19 | N174: 40045 | O174: 27.7 | Q174: 2
A175: Strongtie | B175: Konstruksjonsskrue Tre | C175: TTGF-W | D175: C2 | E175: skivehode | F175: 8,0x300 | G175: 8 | H175: 5.3 | I175: 300 | J175: 80 | K175: 22 | L175: 12.2 | M175: 19 | N175: 40045 | O175: 27.7 | Q175: 2
... A193: Strongtie | B193: Konstruksjonsskrue Tre | C193: TTGF-W | D193: C2 | E193: skivehode | F193: 10,0x400 | G193: 10 | H193: 6.3 | I193: 400 | J193: 80 | K193: 25 | L193: 11.7 | M193: 19.5 | N193: 61022 | O193: 35.7 | Q193: 2
A194: Strongtie | B194: Konstruksjonsskrue Tre | C194: TTPF-D | D194: C3 | F194: 6,5x90 | G194: 6.5 | H194: 4 | I194: 90 | J194: 40 | K194: 8 | L194: 13.6 | M194: 84.6 | N194: 15071 | O194: 15.1 | P194: 3.1 | R194: 989
A195: Strongtie | B195: Konstruksjonsskrue Tre | C195: TTPF-D | D195: C3 | F195: 6,5x130 | G195: 6.5 | H195: 4 | I195: 130 | J195: 40 | K195: 8 | L195: 13.6 | M195: 84.6 | N195: 15071 | O195: 15.1 | P195: 3.1 | R195: 989
A196: Strongtie | B196: Konstruksjonsskrue Tre | C196: TTPF-D | D196: C3 | F196: 6,5x160 | G196: 6.5 | H196: 4 | I196: 160 | J196: 65 | K196: 8 | L196: 13.6 | M196: 84.6 | N196: 15071 | O196: 15.1 | P196: 3.1 | R196: 989
A197: Strongtie | B197: Konstruksjonsskrue Tre | C197: TTPF-D | D197: C3 | F197: 6,5x190 | G197: 6.5 | H197: 4 | I197: 190 | J197: 80 | K197: 8 | L197: 13.6 | M197: 84.6 | N197: 15071 | O197: 15.1 | P197: 3.1 | R197: 989
A198: Strongtie | B198: Konstruksjonsskrue Tre | C198: TTPF-D | D198: C3 | F198: 6,5x220 | G198: 6.5 | H198: 4 | I198: 220 | J198: 95 | K198: 8 | L198: 13.6 | M198: 84.6 | N198: 15071 | O198: 15.1 | P198: 3.1 | R198: 989
A199: Strongtie | B199: Konstruksjonsskrue Tre | C199: TTPF-D | D199: C3 | F199: 6,5x245 | G199: 6.5 | H199: 4 | I199: 245 | J199: 107.5 | K199: 8 | L199: 13.6 | M199: 84.6 | N199: 15071 | O199: 15.1 | P199: 3.1 | R199: 989
A200: Strongtie | B200: Konstruksjonsskrue Tre | C200: TTPF-D | D200: C3 | F200: 8,0x90 | G200: 7.8 | H200: 5.4 | I200: 90 | J200: 40 | K200: 8 | L200: 14.9 | M200: 38.8 | N200: 32076 | O200: 23 | P200: 3.5 | R200: 797
A201: Strongtie | B201: Konstruksjonsskrue Tre | C201: TTPF-D | D201: C3 | F201: 8,0x130 | G201: 7.8 | H201: 5.4 | I201: 130 | J201: 40 | K201: 10 | L201: 14.9 | M201: 38.8 | N201: 32076 | O201: 23 | P201: 3.5 | R201: 797
A202: Strongtie | B202: Konstruksjonsskrue Tre | C202: TTPF-D | D202: C3 | F202: 8,0x160 | G202: 7.8 | H202: 5.4 | I202: 160 | J202: 65 | K202: 10 | L202: 14.9 | M202: 38.8 | N202: 32076 | O202: 23 | P202: 3.5 | R202: 797
A203: Strongtie | B203: Konstruksjonsskrue Tre | C203: TTPF-D | D203: C3 | F203: 8,0x190 | G203: 7.8 | H203: 5.4 | I203: 190 | J203: 80 | K203: 10 | L203: 14.9 | M203: 38.8 | N203: 32076 | O203: 23 | P203: 3.5 | R203: 797
A204: Strongtie | B204: Konstruksjonsskrue Tre | C204: TTPF-D | D204: C3 | F204: 8,0x220 | G204: 7.8 | H204: 5.4 | I204: 220 | J204: 95 | K204: 10 | L204: 14.9 | M204: 38.8 | N204: 32076 | O204: 23 | P204: 3.5 | R204: 797
A205: Strongtie | B205: Konstruksjonsskrue Tre | C205: TTPF-D | D205: C3 | F205: 8,0x245 | G205: 7.8 | H205: 5.4 | I205: 245 | J205: 107.5 | K205: 10 | L205: 14.9 | M205: 38.8 | N205: 32076 | O205: 23 | P205: 3.5 | R205: 797
... A208: Strongtie | B208: Konstruksjonsskrue Tre | C208: TTPF-D | D208: C3 | F208: 8,0x330 | G208: 7.8 | H208: 5.4 | I208: 330 | J208: 135 | K208: 10 | L208: 14.9 | M208: 38.8 | N208: 32076 | O208: 23 | P208: 3.5 | R208: 797
A209: Strongtie | B209: Konstruksjonsskrue Tre | C209: TTGF-S | D209: C2 | E209: senkhode | F209: 6,0x200 | G209: 6 | H209: 3.8 | I209: 200 | J209: 70 | K209: 11.8 | L209: 13 | M209: 17.5 | N209: 13176 | O209: 14.8 | P209: 2.7
A210: Strongtie | B210: Konstruksjonsskrue Tre | C210: TTGF-S | D210: C2 | E210: senkhode | F210: 6,0x220 | G210: 6 | H210: 3.8 | I210: 220 | J210: 70 | K210: 11.8 | L210: 13 | M210: 17.5 | N210: 13176 | O210: 14.8 | P210: 2.7
A211: Strongtie | B211: Konstruksjonsskrue Tre | C211: TTGF-S | D211: C2 | E211: senkhode | F211: 6,0x240 | G211: 6 | H211: 3.8 | I211: 240 | J211: 70 | K211: 11.8 | L211: 13 | M211: 17.5 | N211: 13176 | O211: 14.8 | P211: 2.7
A212: Strongtie | B212: Konstruksjonsskrue Tre | C212: TTGF-S | D212: C2 | E212: senkhode | F212: 6,0x260 | G212: 6 | H212: 3.8 | I212: 260 | J212: 70 | K212: 11.8 | L212: 13 | M212: 17.5 | N212: 13176 | O212: 14.8 | P212: 2.7
A213: Strongtie | B213: Konstruksjonsskrue Tre | C213: TTGF-S | D213: C2 | E213: senkhode | F213: 6,0x280 | G213: 6 | H213: 3.8 | I213: 280 | J213: 70 | K213: 11.8 | L213: 13 | M213: 17.5 | N213: 13176 | O213: 14.8 | P213: 2.7
A214: Strongtie | B214: Konstruksjonsskrue Tre | C214: TTGF-S | D214: C2 | E214: senkhode | F214: 6,0x300 | G214: 6 | H214: 3.8 | I214: 300 | J214: 70 | K214: 11.8 | L214: 13 | M214: 17.5 | N214: 13176 | O214: 14.8 | P214: 2.7
A215: Strongtie | B215: Konstruksjonsskrue Tre | C215: TTGF-S | D215: C2 | E215: senkhode | F215: 8,0x80 | G215: 8 | H215: 5.3 | I215: 80 | J215: 50 | K215: 14.7 | L215: 12.2 | M215: 19 | N215: 40045 | O215: 27.7
A216: Strongtie | B216: Konstruksjonsskrue Tre | C216: TTGF-S | D216: C2 | E216: senkhode | F216: 8,0x100 | G216: 8 | H216: 5.3 | I216: 100 | J216: 50 | K216: 14.7 | L216: 12.2 | M216: 19 | N216: 40045 | O216: 27.7
A217: Strongtie | B217: Konstruksjonsskrue Tre | C217: TTGF-S | D217: C2 | E217: senkhode | F217: 8,0x120 | G217: 8 | H217: 5.3 | I217: 120 | J217: 80 | K217: 14.7 | L217: 12.2 | M217: 19 | N217: 40045 | O217: 27.7
A218: Strongtie | B218: Konstruksjonsskrue Tre | C218: TTGF-S | D218: C2 | E218: senkhode | F218: 8,0x140 | G218: 8 | H218: 5.3 | I218: 140 | J218: 80 | K218: 14.7 | L218: 12.2 | M218: 19 | N218: 40045 | O218: 27.7
A219: Strongtie | B219: Konstruksjonsskrue Tre | C219: TTGF-S | D219: C2 | E219: senkhode | F219: 8,0x160 | G219: 8 | H219: 5.3 | I219: 160 | J219: 80 | K219: 14.7 | L219: 12.2 | M219: 19 | N219: 40045 | O219: 27.7
A220: Strongtie | B220: Konstruksjonsskrue Tre | C220: TTGF-S | D220: C2 | E220: senkhode | F220: 8,0x180 | G220: 8 | H220: 5.3 | I220: 180 | J220: 80 | K220: 14.7 | L220: 12.2 | M220: 19 | N220: 40045 | O220: 27.7
A221: Strongtie | B221: Konstruksjonsskrue Tre | C221: TTGF-S | D221: C2 | E221: senkhode | F221: 8,0x200 | G221: 8 | H221: 5.3 | I221: 200 | J221: 80 | K221: 14.7 | L221: 12.2 | M221: 19 | N221: 40045 | O221: 27.7
...

Sheet Strongtie Screws
A1: Produsent | B1: Type | C1: Usage | D1: Highest service class | E1: d | F1: l | G1: dh | H1: My,Rk [Nm] | I1: faxk[N/mm^2] | J1: fhead,k[N/mm^2] | K1: ftens,k[kN] | L1: l1 | M1: l2
A2: Strongtie | B2: SDWS | C2: Konstruksjonsskrue, utvendig | D2: 3 | E2: 8 | F2: 75 | G2: 19.4 | H2: 17.4 | I2: 13.2 | J2: 21.4 | K2: 21.4 | L2: 37
A3: Strongtie | B3: SDWS | C3: Konstruksjonsskrue, utvendig | D3: 3 | E3: 8 | F3: 100 | G3: 19.4 | H3: 17.4 | I3: 13.2 | J3: 21.4 | K3: 21.4 | L3: 59
A4: Strongtie | B4: SDWS | C4: Konstruksjonsskrue, utvendig | D4: 3 | E4: 8 | F4: 126 | G4: 19.4 | H4: 17.4 | I4: 13.2 | J4: 21.4 | K4: 21.4 | L4: 69
A5: Strongtie | B5: SDWS | C5: Konstruksjonsskrue, utvendig | D5: 3 | E5: 8 | F5: 151 | G5: 19.4 | H5: 17.4 | I5: 13.2 | J5: 21.4 | K5: 21.4 | L5: 69
A6: Strongtie | B6: SDWS | C6: Konstruksjonsskrue, utvendig | D6: 3 | E6: 8 | F6: 202 | G6: 19.4 | H6: 17.4 | I6: 13.2 | J6: 21.4 | K6: 21.4 | L6: 69
A7: Strongtie | B7: SDWS | C7: Konstruksjonsskrue, utvendig | D7: 3 | E7: 8 | F7: 252 | G7: 19.4 | H7: 17.4 | I7: 13.2 | J7: 21.4 | K7: 21.4 | L7: 69
A8: Strongtie | B8: SWD | C8: Nordisk treskrue, dobbeltgjenget | D8: 2 | E8: 6.5 | F8: 65 | G8: 8 | H8: 14.5 | I8: 13 | J8: 29.4 | K8: 14.3 | L8: 28 | M8: 21.5
A9: Strongtie | B9: SWD | C9: Nordisk treskrue, dobbeltgjenget | D9: 2 | E9: 6.5 | F9: 90 | G9: 8 | H9: 14.5 | I9: 13 | J9: 29.4 | K9: 14.3 | L9: 40 | M9: 33.5
A10: Strongtie | B10: SWD | C10: Nordisk treskrue, dobbeltgjenget | D10: 2 | E10: 6.5 | F10: 130 | G10: 8 | H10: 14.5 | I10: 13 | J10: 29.4 | K10: 14.3 | L10: 40 | M10: 33.5
A11: Strongtie | B11: SWD | C11: Nordisk treskrue, dobbeltgjenget | D11: 2 | E11: 6.5 | F11: 160 | G11: 8 | H11: 14.5 | I11: 13 | J11: 29.4 | K11: 14.3 | L11: 65 | M11: 58.5
A12: Strongtie | B12: SWD | C12: Nordisk treskrue, dobbeltgjenget | D12: 2 | E12: 6.5 | F12: 190 | G12: 8 | H12: 14.5 | I12: 13 | J12: 29.4 | K12: 14.3 | L12: 80 | M12: 73.5
A13: Strongtie | B13: SWD | C13: Nordisk treskrue, dobbeltgjenget | D13: 2 | E13: 6.5 | F13: 220 | G13: 8 | H13: 14.5 | I13: 13 | J13: 29.4 | K13: 14.3 | L13: 95 | M13: 88.5
A14: Strongtie | B14: SWD | C14: Nordisk treskrue, dobbeltgjenget | D14: 2 | E14: 8 | F14: 90 | G14: 10 | H14: 31.2 | I14: 14.2 | J14: 38.8 | K14: 21.9 | L14: 40 | M14: 31.5
A15: Strongtie | B15: SWD | C15: Nordisk treskrue, dobbeltgjenget | D15: 2 | E15: 8 | F15: 130 | G15: 10 | H15: 31.2 | I15: 14.2 | J15: 38.8 | K15: 21.9 | L15: 40 | M15: 31.5
A16: Strongtie | B16: SWD | C16: Nordisk treskrue, dobbeltgjenget | D16: 2 | E16: 8 | F16: 160 | G16: 10 | H16: 31.2 | I16: 14.2 | J16: 38.8 | K16: 21.9 | L16: 65 | M16: 56.5
A17: Strongtie | B17: SWD | C17: Nordisk treskrue, dobbeltgjenget | D17: 2 | E17: 8 | F17: 190 | G17: 10 | H17: 31.2 | I17: 14.2 | J17: 38.8 | K17: 21.9 | L17: 80 | M17: 71.5
A18: Strongtie | B18: SWD | C18: Nordisk treskrue, dobbeltgjenget | D18: 2 | E18: 8 | F18: 220 | G18: 10 | H18: 31.2 | I18: 14.2 | J18: 38.8 | K18: 21.9 | L18: 95 | M18: 86.5
A19: Strongtie | B19: SWD | C19: Nordisk treskrue, dobbeltgjenget | D19: 2 | E19: 8 | F19: 245 | G19: 10 | H19: 31.2 | I19: 14.2 | J19: 38.8 | K19: 21.9 | L19: 107.5 | M19: 99
... A22: Strongtie | B22: SWD | C22: Nordisk treskrue, dobbeltgjenget | D22: 2 | E22: 8 | F22: 330 | G22: 10 | H22: 31.2 | I22: 14.2 | J22: 38.8 | K22: 21.9 | L22: 135 | M22: 126.5
A23: Strongtie | B23: TTSFS | C23: Nordisk treskrue, senkhode | D23: 3 | E23: 5 | F23: 60 | G23: 9.5 | H23: 5.472 | I23: 17.3 | J23: 19.6 | K23: 6.5 | L23: 32
A24: Strongtie | B24: TTSFS | C24: Nordisk treskrue, senkhode | D24: 3 | E24: 5 | F24: 70 | G24: 9.5 | H24: 5.472 | I24: 17.3 | J24: 19.6 | K24: 6.5 | L24: 35
A25: Strongtie | B25: TTSFS | C25: Nordisk treskrue, senkhode | D25: 3 | E25: 5 | F25: 80 | G25: 9.5 | H25: 5.472 | I25: 17.3 | J25: 19.6 | K25: 6.5 | L25: 40
A26: Strongtie | B26: TTSFS | C26: Nordisk treskrue, senkhode | D26: 3 | E26: 5 | F26: 90 | G26: 9.5 | H26: 5.472 | I26: 17.3 | J26: 19.6 | K26: 6.5 | L26: 45
A27: Strongtie | B27: TTSFS | C27: Nordisk treskrue, senkhode | D27: 3 | E27: 5 | F27: 100 | G27: 9.5 | H27: 5.472 | I27: 17.3 | J27: 19.6 | K27: 6.5 | L27: 55
A28: Strongtie | B28: TTSFS | C28: Nordisk treskrue, senkhode | D28: 3 | E28: 5 | F28: 120 | G28: 9.5 | H28: 5.472 | I28: 17.3 | J28: 19.6 | K28: 6.5 | L28: 60
A29: Strongtie | B29: TTSFS | C29: Nordisk treskrue, senkhode | D29: 3 | E29: 6 | F29: 70 | G29: 11.6 | H29: 8.467 | I29: 15.9 | J29: 22.6 | K29: 8.8 | L29: 35
A30: Strongtie | B30: TTSFS | C30: Nordisk treskrue, senkhode | D30: 3 | E30: 6 | F30: 80 | G30: 11.6 | H30: 8.467 | I30: 15.9 | J30: 22.6 | K30: 8.8 | L30: 40
A31: Strongtie | B31: TTSFS | C31: Nordisk treskrue, senkhode | D31: 3 | E31: 6 | F31: 90 | G31: 11.6 | H31: 8.467 | I31: 15.9 | J31: 22.6 | K31: 8.8 | L31: 45
A32: Strongtie | B32: TTSFS | C32: Nordisk treskrue, senkhode | D32: 3 | E32: 6 | F32: 100 | G32: 11.6 | H32: 8.467 | I32: 15.9 | J32: 22.6 | K32: 8.8 | L32: 55
A33: Strongtie | B33: TTSFS | C33: Nordisk treskrue, senkhode | D33: 3 | E33: 6 | F33: 120 | G33: 11.6 | H33: 8.467 | I33: 15.9 | J33: 22.6 | K33: 8.8 | L33: 60
A34: Strongtie | B34: TTSFS | C34: Nordisk treskrue, senkhode | D34: 3 | E34: 6 | F34: 140 | G34: 11.6 | H34: 8.467 | I34: 15.9 | J34: 22.6 | K34: 8.8 | L34: 65
A35: Strongtie | B35: TTZNFP | C35: Nordisk treskrue, pan-hode | D35: 3 | E35: 4 | F35: 30 | G35: 8 | L35: 30
A36: Strongtie | B36: TTZNFP | C36: Nordisk treskrue, pan-hode | D36: 3 | E36: 4 | F36: 40 | G36: 8 | L36: 40
A37: Strongtie | B37: TTZNFP | C37: Nordisk treskrue, pan-hode | D37: 3 | E37: 4 | F37: 50 | G37: 8 | L37: 30
A38: Strongtie | B38: TTZNFP | C38: Nordisk treskrue, pan-hode | D38: 3 | E38: 5 | F38: 40 | G38: 9.7 | H38: 7.602 | I38: 13 | J38: 23.2 | K38: 9.9 | L38: 36
A39: Strongtie | B39: TTZNFP | C39: Nordisk treskrue, pan-hode | D39: 3 | E39: 5 | F39: 50 | G39: 9.7 | H39: 7.602 | I39: 13 | J39: 23.2 | K39: 9.9 | L39: 30
A40: Strongtie | B40: TTZNFP | C40: Nordisk treskrue, pan-hode | D40: 3 | E40: 5 | F40: 60 | G40: 9.7 | H40: 7.602 | I40: 13 | J40: 23.2 | K40: 9.9 | L40: 35
A41: Strongtie | B41: TTZNFP | C41: Nordisk treskrue, pan-hode | D41: 3 | E41: 5 | F41: 70 | G41: 9.7 | H41: 7.602 | I41: 13 | J41: 23.2 | K41: 9.9 | L41: 40
A42: Strongtie | B42: TTZNFS | C42: Nordisk treskrue, senkhode | D42: 3 | E42: 3.5 | F42: 16 | G42: 7 | L42: 10
A43: Strongtie | B43: TTZNFS | C43: Nordisk treskrue, senkhode | D43: 3 | E43: 3.5 | F43: 20 | G43: 7 | L43: 14
A44: Strongtie | B44: TTZNFS | C44: Nordisk treskrue, senkhode | D44: 3 | E44: 3.5 | F44: 30 | G44: 7 | L44: 24
A45: Strongtie | B45: TTZNFS | C45: Nordisk treskrue, senkhode | D45: 3 | E45: 4 | F45: 20 | G45: 8 | L45: 10
A46: Strongtie | B46: TTZNFS | C46: Nordisk treskrue, senkhode | D46: 3 | E46: 4 | F46: 30 | G46: 8 | L46: 20
A47: Strongtie | B47: TTZNFS | C47: Nordisk treskrue, senkhode | D47: 3 | E47: 4.5 | F47: 25 | G47: 8.4 | L47: 20
A48: Strongtie | B48: TTZNFS | C48: Nordisk treskrue, senkhode | D48: 3 | E48: 4.5 | F48: 30 | G48: 8.4 | L48: 25
A49: Strongtie | B49: TTZNFS | C49: Nordisk treskrue, senkhode | D49: 3 | E49: 4.5 | F49: 40 | G49: 8.4 | L49: 35
A50: Strongtie | B50: TTZNFS | C50: Nordisk treskrue, senkhode | D50: 3 | E50: 4.5 | F50: 50 | G50: 8.4 | L50: 30
A51: Strongtie | B51: TTZNFS | C51: Nordisk treskrue, senkhode | D51: 3 | E51: 4.5 | F51: 60 | G51: 8.4 | L51: 35
A52: Strongtie | B52: TTZNFS | C52: Nordisk treskrue, senkhode | D52: 3 | E52: 4.5 | F52: 70 | G52: 8.4 | L52: 40
A53: Strongtie | B53: TTZNFS | C53: Nordisk treskrue, senkhode | D53: 3 | E53: 5 | F53: 50 | G53: 9.5 | L53: 30
... A68: Strongtie | B68: TTZNFS | C68: Nordisk treskrue, senkhode | D68: 3 | E68: 6 | F68: 180 | G68: 11.6 | L68: 70
A69: Strongtie | B69: SWC | C69: Nordisk treskrue, senkhode | D69: 1 | E69: 6 | F69: 200 | G69: 11.8 | H69: 12.6 | I69: 13 | J69: 20 | K69: 14 | L69: 70
A70: Strongtie | B70: SWC | C70: Nordisk treskrue, senkhode | D70: 1 | E70: 6 | F70: 220 | G70: 11.8 | H70: 12.6 | I70: 13 | J70: 20 | K70: 14 | L70: 70
A71: Strongtie | B71: SWC | C71: Nordisk treskrue, senkhode | D71: 1 | E71: 6 | F71: 240 | G71: 11.8 | H71: 12.6 | I71: 13 | J71: 20 | K71: 14 | L71: 70
A72: Strongtie | B72: SWC | C72: Nordisk treskrue, senkhode | D72: 1 | E72: 6 | F72: 260 | G72: 11.8 | H72: 12.6 | I72: 13 | J72: 20 | K72: 14 | L72: 70
A73: Strongtie | B73: SWC | C73: Nordisk treskrue, senkhode | D73: 1 | E73: 6 | F73: 280 | G73: 11.8 | H73: 12.6 | I73: 13 | J73: 20 | K73: 14 | L73: 70
A74: Strongtie | B74: SWC | C74: Nordisk treskrue, senkhode | D74: 1 | E74: 6 | F74: 300 | G74: 11.8 | H74: 12.6 | I74: 13 | J74: 20 | K74: 14 | L74: 70
A75: Strongtie | B75: SWC | C75: Nordisk treskrue, senkhode | D75: 1 | E75: 8 | F75: 80 | G75: 14.6 | H75: 40.1 | I75: 13.5 | J75: 17.9 | K75: 26.9 | L75: 50
A76: Strongtie | B76: SWC | C76: Nordisk treskrue, senkhode | D76: 1 | E76: 8 | F76: 100 | G76: 14.6 | H76: 40.1 | I76: 13.5 | J76: 17.9 | K76: 26.9 | L76: 50
A77: Strongtie | B77: SWC | C77: Nordisk treskrue, senkhode | D77: 1 | E77: 8 | F77: 120 | G77: 14.6 | H77: 40.1 | I77: 13.5 | J77: 17.9 | K77: 26.9 | L77: 80
A78: Strongtie | B78: SWC | C78: Nordisk treskrue, senkhode | D78: 1 | E78: 8 | F78: 140 | G78: 14.6 | H78: 40.1 | I78: 13.5 | J78: 17.9 | K78: 26.9 | L78: 80
A79: Strongtie | B79: SWC | C79: Nordisk treskrue, senkhode | D79: 1 | E79: 8 | F79: 160 | G79: 14.6 | H79: 40.1 | I79: 13.5 | J79: 17.9 | K79: 26.9 | L79: 80
A80: Strongtie | B80: SWC | C80: Nordisk treskrue, senkhode | D80: 1 | E80: 8 | F80: 180 | G80: 14.6 | H80: 40.1 | I80: 13.5 | J80: 17.9 | K80: 26.9 | L80: 80
... A147: Strongtie | B147: SWW | C147: Nordisk treskrue, skivehode | D147: 1 | E147: 10 | F147: 400 | G147: 25.9 | H147: 59.6 | I147: 12.9 | J147: 22.1 | K147: 33.9 | L147: 80
A148: Strongtie | B148: TTUFP | C148: Nordisk treskrue, pan-hode | D148: 1 | E148: 3 | F148: 15 | G148: 5.5 | L148: 15
A149: Strongtie | B149: TTUFP | C149: Nordisk treskrue, pan-hode | D149: 1 | E149: 3 | F149: 20 | G149: 5.5 | L149: 20
A150: Strongtie | B150: TTUFP | C150: Nordisk treskrue, pan-hode | D150: 1 | E150: 3.5 | F150: 15 | G150: 6.6 | L150: 15
A151: Strongtie | B151: TTUFP | C151: Nordisk treskrue, pan-hode | D151: 1 | E151: 3.5 | F151: 20 | G151: 6.6 | L151: 20
A152: Strongtie | B152: TTUFP | C152: Nordisk treskrue, pan-hode | D152: 1 | E152: 3.5 | F152: 25 | G152: 6.6 | L152: 25
A153: Strongtie | B153: TTUFP | C153: Nordisk treskrue, pan-hode | D153: 1 | E153: 3.5 | F153: 30 | G153: 6.6 | L153: 30
A154: Strongtie | B154: TTUFP | C154: Nordisk treskrue, pan-hode | D154: 1 | E154: 4 | F154: 15 | G154: 7.6 | L154: 15
A155: Strongtie | B155: TTUFP | C155: Nordisk treskrue, pan-hode | D155: 1 | E155: 4 | F155: 20 | G155: 7.6 | L155: 20
A156: Strongtie | B156: TTUFP | C156: Nordisk treskrue, pan-hode | D156: 1 | E156: 4 | F156: 25 | G156: 7.6 | L156: 25
A157: Strongtie | B157: TTUFP | C157: Nordisk treskrue, pan-hode | D157: 1 | E157: 4 | F157: 30 | G157: 7.6 | L157: 30
A158: Strongtie | B158: TTUFP | C158: Nordisk treskrue, pan-hode | D158: 1 | E158: 4 | F158: 35 | G158: 7.6 | L158: 35
A159: Strongtie | B159: TTUFP | C159: Nordisk treskrue, pan-hode | D159: 1 | E159: 4 | F159: 40 | G159: 7.6 | L159: 40
A160: Strongtie | B160: TTUFP | C160: Nordisk treskrue, pan-hode | D160: 1 | E160: 4 | F160: 50 | G160: 7.6 | L160: 30
A161: Strongtie | B161: TTUFP | C161: Nordisk treskrue, pan-hode | D161: 1 | E161: 5 | F161: 30 | G161: 9.7 | H161: 7.602 | I161: 12.9 | J161: 23.2 | K161: 9.9 | L161: 26
A162: Strongtie | B162: TTUFP | C162: Nordisk treskrue, pan-hode | D162: 1 | E162: 5 | F162: 40 | G162: 9.7 | H162: 7.602 | I162: 12.9 | J162: 23.2 | K162: 9.9 | L162: 36
A163: Strongtie | B163: TTUFP | C163: Nordisk treskrue, pan-hode | D163: 1 | E163: 5 | F163: 50 | G163: 9.7 | H163: 7.602 | I163: 12.9 | J163: 23.2 | K163: 9.9 | L163: 30
A164: Strongtie | B164: TTUFP | C164: Nordisk treskrue, pan-hode | D164: 1 | E164: 5 | F164: 60 | G164: 9.7 | H164: 7.602 | I164: 12.9 | J164: 23.2 | K164: 9.9 | L164: 35
A165: Strongtie | B165: TTUFP | C165: Nordisk treskrue, pan-hode | D165: 1 | E165: 5 | F165: 70 | G165: 9.7 | H165: 7.602 | I165: 12.9 | J165: 23.2 | K165: 9.9 | L165: 40
A166: Strongtie | B166: TTUFP | C166: Nordisk treskrue, pan-hode | D166: 1 | E166: 5 | F166: 80 | G166: 9.7 | H166: 7.602 | I166: 12.9 | J166: 23.2 | K166: 9.9 | L166: 50
A167: Strongtie | B167: TTUFP | C167: Nordisk treskrue, pan-hode | D167: 1 | E167: 6 | F167: 40 | G167: 11.7 | H167: 11.931 | I167: 16.8 | J167: 18.8 | K167: 13.5 | L167: 35
A168: Strongtie | B168: TTUFP | C168: Nordisk treskrue, pan-hode | D168: 1 | E168: 6 | F168: 50 | G168: 11.7 | H168: 11.931 | I168: 16.8 | J168: 18.8 | K168: 13.5 | L168: 30
A169: Strongtie | B169: TTUFP | C169: Nordisk treskrue, pan-hode | D169: 1 | E169: 6 | F169: 60 | G169: 11.7 | H169: 11.931 | I169: 16.8 | J169: 18.8 | K169: 13.5 | L169: 35
A170: Strongtie | B170: TTUFP | C170: Nordisk treskrue, pan-hode | D170: 1 | E170: 6 | F170: 70 | G170: 11.7 | H170: 11.931 | I170: 16.8 | J170: 18.8 | K170: 13.5 | L170: 40
A171: Strongtie | B171: TTUFP | C171: Nordisk treskrue, pan-hode | D171: 1 | E171: 6 | F171: 80 | G171: 11.7 | H171: 11.931 | I171: 16.8 | J171: 18.8 | K171: 13.5 | L171: 50
A172: Strongtie | B172: TTUFP | C172: Nordisk treskrue, pan-hode | D172: 1 | E172: 6 | F172: 100 | G172: 11.7 | H172: 11.931 | I172: 16.8 | J172: 18.8 | K172: 13.5 | L172: 60
A173: Strongtie | B173: TTUFS | C173: Nordisk treskrue, senkhode | D173: 1 | E173: 3 | F173: 16 | G173: 6 | L173: 11
A174: Strongtie | B174: TTUFS | C174: Nordisk treskrue, senkhode | D174: 1 | E174: 3 | F174: 20 | G174: 6 | L174: 15
A175: Strongtie | B175: TTUFS | C175: Nordisk treskrue, senkhode | D175: 1 | E175: 3 | F175: 25 | G175: 6 | L175: 20
A176: Strongtie | B176: TTUFS | C176: Nordisk treskrue, senkhode | D176: 1 | E176: 3 | F176: 30 | G176: 6 | L176: 25
A177: Strongtie | B177: TTUFS | C177: Nordisk treskrue, senkhode | D177: 1 | E177: 3.5 | F177: 16 | G177: 7 | L177: 11
A178: Strongtie | B178: TTUFS | C178: Nordisk treskrue, senkhode | D178: 1 | E178: 3.5 | F178: 20 | G178: 7 | L178: 15
A179: Strongtie | B179: TTUFS | C179: Nordisk treskrue, senkhode | D179: 1 | E179: 3.5 | F179: 25 | G179: 7 | L179: 20
A180: Strongtie | B180: TTUFS | C180: Nordisk treskrue, senkhode | D180: 1 | E180: 3.5 | F180: 30 | G180: 7 | L180: 25
A181: Strongtie | B181: TTUFS | C181: Nordisk treskrue, senkhode | D181: 1 | E181: 3.5 | F181: 35 | G181: 7 | L181: 30
A182: Strongtie | B182: TTUFS | C182: Nordisk treskrue, senkhode | D182: 1 | E182: 3.5 | F182: 40 | G182: 7 | L182: 35
...

Sheet Schmid Screws
A1: Type | B1: Producer | C1: Product | D1: Detailinformation | E1: Highest service class | F1: d | G1: l | H1: dh | I1: My,Rk [Nm] | J1: faxk[N/mm^2] | K1: fhead,k[N/mm^2] | L1: ftens,k[kN] | M1: l1 | N1: l3 | O1: f_uk | P1: Bmax
A2: Screw | B2: SCHMID | C2: RAPID® CS | D2: Countersunk head, partial thread | E2: 1 | F2: 4 | G2: 30 | H2: 8 | I2: 3.1 | J2: 14.3 | K2: 17.1 | L2: 5 | M2: 20
A3: Screw | B3: SCHMID | C3: RAPID® CS | D3: Countersunk head, partial thread | E3: 1 | F3: 4 | G3: 35 | H3: 8 | I3: 3.1 | J3: 14.3 | K3: 17.1 | L3: 5 | M3: 20
A4: Screw | B4: SCHMID | C4: RAPID® CS | D4: Countersunk head, partial thread | E4: 1 | F4: 4 | G4: 40 | H4: 8 | I4: 3.1 | J4: 14.3 | K4: 17.1 | L4: 5 | M4: 25
A5: Screw | B5: SCHMID | C5: RAPID® CS | D5: Countersunk head, partial thread | E5: 1 | F5: 4 | G5: 45 | H5: 8 | I5: 3.1 | J5: 14.3 | K5: 17.1 | L5: 5 | M5: 25
A6: Screw | B6: SCHMID | C6: RAPID® CS | D6: Countersunk head, partial thread | E6: 1 | F6: 4 | G6: 50 | H6: 8 | I6: 3.1 | J6: 14.3 | K6: 17.1 | L6: 5 | M6: 30
A7: Screw | B7: SCHMID | C7: RAPID® CS | D7: Countersunk head, partial thread | E7: 1 | F7: 4 | G7: 60 | H7: 8 | I7: 3.1 | J7: 14.3 | K7: 17.1 | L7: 5 | M7: 35
A8: Screw | B8: SCHMID | C8: RAPID® CS | D8: Countersunk head, partial thread | E8: 1 | F8: 4 | G8: 70 | H8: 8 | I8: 3.1 | J8: 14.3 | K8: 17.1 | L8: 5 | M8: 35
A9: Screw | B9: SCHMID | C9: RAPID® CS | D9: Countersunk head, partial thread | E9: 2 | F9: 4.5 | G9: 30 | H9: 9 | I9: 4.2 | J9: 13.3 | K9: 17.6 | L9: 7 | M9: 20
A10: Screw | B10: SCHMID | C10: RAPID® CS | D10: Countersunk head, partial thread | E10: 2 | F10: 4.5 | G10: 35 | H10: 9 | I10: 4.2 | J10: 13.3 | K10: 17.6 | L10: 7 | M10: 20
A11: Screw | B11: SCHMID | C11: RAPID® CS | D11: Countersunk head, partial thread | E11: 2 | F11: 4.5 | G11: 40 | H11: 9 | I11: 4.2 | J11: 13.3 | K11: 17.6 | L11: 7 | M11: 25
A12: Screw | B12: SCHMID | C12: RAPID® CS | D12: Countersunk head, partial thread | E12: 2 | F12: 4.5 | G12: 45 | H12: 9 | I12: 4.2 | J12: 13.3 | K12: 17.6 | L12: 7 | M12: 25
A13: Screw | B13: SCHMID | C13: RAPID® CS | D13: Countersunk head, partial thread | E13: 2 | F13: 4.5 | G13: 50 | H13: 9 | I13: 4.2 | J13: 13.3 | K13: 17.6 | L13: 7 | M13: 30
... A475: Screw | B475: SCHMID | C475: RAPID® HARDWOOD CS | D475: Countersunk head, partial thread | E475: 2 | F475: 8 | G475: 440 | H475: 15 | I475: 42.8 | J475: 13.1 | K475: 12.4 | L475: 32.8 | M475: 100
A476: Screw | B476: SCHMID | C476: RAPID® TOP-2-ROOF | D476: Cylinder head, duo thread | E476: 2 | F476: 8 | G476: 240 | H476: 10.2 | I476: 21 | J476: 13.1 | K476: 0 | L476: 22 | M476: 80 | N476: 80
A477: Screw | B477: SCHMID | C477: RAPID® TOP-2-ROOF | D477: Cylinder head, duo thread | E477: 2 | F477: 8 | G477: 260 | H477: 10.2 | I477: 21 | J477: 13.1 | K477: 0 | L477: 22 | M477: 100 | N477: 80
A478: Screw | B478: SCHMID | C478: RAPID® TOP-2-ROOF | D478: Cylinder head, duo thread | E478: 2 | F478: 8 | G478: 280 | H478: 10.2 | I478: 21 | J478: 13.1 | K478: 0 | L478: 22 | M478: 100 | N478: 80
A479: Screw | B479: SCHMID | C479: RAPID® TOP-2-ROOF | D479: Cylinder head, duo thread | E479: 2 | F479: 8 | G479: 300 | H479: 10.2 | I479: 21 | J479: 13.1 | K479: 0 | L479: 22 | M479: 100 | N479: 80
A480: Screw | B480: SCHMID | C480: RAPID® TOP-2-ROOF | D480: Cylinder head, duo thread | E480: 2 | F480: 8 | G480: 320 | H480: 10.2 | I480: 21 | J480: 13.1 | K480: 0 | L480: 22 | M480: 100 | N480: 80
A481: Screw | B481: SCHMID | C481: RAPID® TOP-2-ROOF | D481: Cylinder head, duo thread | E481: 2 | F481: 8 | G481: 340 | H481: 10.2 | I481: 21 | J481: 13.1 | K481: 0 | L481: 22 | M481: 100 | N481: 80
A482: Screw | B482: SCHMID | C482: RAPID® TOP-2-ROOF | D482: Cylinder head, duo thread | E482: 2 | F482: 8 | G482: 360 | H482: 10.2 | I482: 21 | J482: 13.1 | K482: 0 | L482: 22 | M482: 100 | N482: 80
A483: Screw | B483: SCHMID | C483: RAPID® TOP-2-ROOF | D483: Cylinder head, duo thread | E483: 2 | F483: 8 | G483: 400 | H483: 10.2 | I483: 21 | J483: 13.1 | K483: 0 | L483: 22 | M483: 100 | N483: 80
A484: Screw | B484: SCHMID | C484: RAPID® TOP-2-ROOF | D484: Cylinder head, duo thread | E484: 2 | F484: 8 | G484: 450 | H484: 10.2 | I484: 21 | J484: 13.1 | K484: 0 | L484: 22 | M484: 100 | N484: 80
A485: Screw | B485: SCHMID | C485: RAPID® TOP-2-ROOF | D485: Cylinder head, duo thread | E485: 2 | F485: 8 | G485: 480 | H485: 10.2 | I485: 21 | J485: 13.1 | K485: 0 | L485: 22 | M485: 100 | N485: 80
A486: Screw | B486: SCHMID | C486: RAPID® TOP-2-ROOF | D486: Cylinder head, duo thread | E486: 2 | F486: 8 | G486: 520 | H486: 10.2 | I486: 21 | J486: 13.1 | K486: 0 | L486: 22 | M486: 100 | N486: 80
A487: Screw | B487: SCHMID | C487: RAPID® T-Con | D487: Timber-to-concrete floors | E487: 2 | F487: 8 | G487: 155 | H487: 12 | I487: 22.6 | J487: 10.7 | L487: 22.7 | M487: 100
A488: Screw | B488: SCHMID | C488: RAPID® T-Con | D488: Timber-to-concrete floors | E488: 2 | F488: 8 | G488: 205 | H488: 12 | I488: 22.6 | J488: 10.7 | L488: 22.7 | M488: 130

Sheet Schmid Washers
A1: Produsent | B1: Type | C1: Usage | D1: rod | E1: d int | F1: d ext | G1: s
A2: SCHMID | B2: Washer CS | C2: HBS | D2: 6 | E2: 7.5 | F2: 20 | G2: 4
A3: SCHMID | B3: Washer CS | C3: HBS | D3: 8 | E3: 8.5 | F3: 25 | G3: 5
A4: SCHMID | B4: Washer CS | C4: HBS | D4: 10 | E4: 11 | F4: 32 | G4: 6
A5: SCHMID | B5: Washer CS | C5: HBS | D5: 12 | E5: 14 | F5: 37 | G5: 7.5

Sheet Spax Screws
A1: Type | B1: Producer | C1: Product | D1: Detailinformation | E1: Highest service class | F1: d | G1: l | H1: dh | I1: My,Rk [Nm] | J1: faxk[N/mm^2] | K1: fhead,k[N/mm^2] | L1: ftens,k[kN] | M1: l1 | N1: l3 | O1: f_uk | P1: Bmax
A2: Screw | B2: SPAX | C2: T-STAR plus WIROX | D2: Flat countersunk head, full thread, T-STAR plus | E2: 2 | F2: 8 | G2: 80 | H2: 15.1 | I2: =0.15*600*F2^2.6/1000 -> 20.057485 | J2: 12 | K2: 8 | L2: 17 | M2: =G2-15 -> 65
A3: Screw | B3: SPAX | C3: T-STAR plus WIROX | D3: Flat countersunk head, full thread, T-STAR plus | E3: 2 | F3: 8 | G3: 100 | H3: 15.1 | I3: =0.15*600*F3^2.6/1000 -> 20.057485 | J3: 12 | K3: 8 | L3: 17 | M3: =G3-15 -> 85
A4: Screw | B4: SPAX | C4: T-STAR plus WIROX | D4: Flat countersunk head, full thread, T-STAR plus | E4: 2 | F4: 8 | G4: 120 | H4: 15.1 | I4: =0.15*600*F4^2.6/1000 -> 20.057485 | J4: 12 | K4: 8 | L4: 17 | M4: =G4-15 -> 105
A5: Screw | B5: SPAX | C5: T-STAR plus WIROX | D5: Flat countersunk head, full thread, T-STAR plus | E5: 2 | F5: 8 | G5: 140 | H5: 15.1 | I5: =0.15*600*F5^2.6/1000 -> 20.057485 | J5: 12 | K5: 8 | L5: 17 | M5: =G5-15 -> 125
A6: Screw | B6: SPAX | C6: T-STAR plus WIROX | D6: Flat countersunk head, full thread, T-STAR plus | E6: 2 | F6: 8 | G6: 160 | H6: 15.1 | I6: =0.15*600*F6^2.6/1000 -> 20.057485 | J6: 12 | K6: 8 | L6: 17 | M6: =G6-15 -> 145
A7: Screw | B7: SPAX | C7: T-STAR plus WIROX | D7: Flat countersunk head, full thread, T-STAR plus | E7: 2 | F7: 8 | G7: 180 | H7: 15.1 | I7: =0.15*600*F7^2.6/1000 -> 20.057485 | J7: 12 | K7: 8 | L7: 17 | M7: =G7-15 -> 165
A8: Screw | B8: SPAX | C8: T-STAR plus WIROX | D8: Flat countersunk head, full thread, T-STAR plus | E8: 2 | F8: 8 | G8: 200 | H8: 15.1 | I8: =0.15*600*F8^2.6/1000 -> 20.057485 | J8: 12 | K8: 8 | L8: 17 | M8: =G8-15 -> 185
A9: Screw | B9: SPAX | C9: T-STAR plus WIROX | D9: Flat countersunk head, full thread, T-STAR plus | E9: 2 | F9: 8 | G9: 220 | H9: 15.1 | I9: =0.15*600*F9^2.6/1000 -> 20.057485 | J9: 12 | K9: 8 | L9: 17 | M9: =G9-15 -> 205
A10: Screw | B10: SPAX | C10: T-STAR plus WIROX | D10: Flat countersunk head, full thread, T-STAR plus | E10: 2 | F10: 8 | G10: 240 | H10: 15.1 | I10: =0.15*600*F10^2.6/1000 -> 20.057485 | J10: 12 | K10: 8 | L10: 17 | M10: =G10-15 -> 225
A11: Screw | B11: SPAX | C11: T-STAR plus WIROX | D11: Flat countersunk head, full thread, T-STAR plus | E11: 2 | F11: 8 | G11: 260 | H11: 15.1 | I11: =0.15*600*F11^2.6/1000 -> 20.057485 | J11: 12 | K11: 8 | L11: 17 | M11: =G11-15 -> 245
A12: Screw | B12: SPAX | C12: T-STAR plus WIROX | D12: Flat countersunk head, full thread, T-STAR plus | E12: 2 | F12: 8 | G12: 280 | H12: 15.1 | I12: =0.15*600*F12^2.6/1000 -> 20.057485 | J12: 12 | K12: 8 | L12: 17 | M12: =G12-15 -> 265
A13: Screw | B13: SPAX | C13: T-STAR plus WIROX | D13: Flat countersunk head, full thread, T-STAR plus | E13: 2 | F13: 8 | G13: 300 | H13: 15.1 | I13: =0.15*600*F13^2.6/1000 -> 20.057485 | J13: 12 | K13: 8 | L13: 17 | M13: =G13-15 -> 285
... A100: Screw | B100: SPAX | C100: T-STAR plus A4 | D100: Flat countersunk head, full thread, T-STAR plus | E100: 3 | F100: 12 | G100: 550 | H100: 18.6 | I100: =0.15*600*F100^2.6/1000 -> 57.559067 | J100: 11 | K100: 8 | L100: 28 | M100: =G100-15 -> 535

Sheet ToothedPlateConnectors
A1: Producer | B1: Type | C1: Sides | D1: Type text | E1: Highest service class | F1: dc | G1: d1 | H1: h1 | I1: hc | J1: t | K1: d2 | L1: a1 | M1: a2 | N1: t1 | O1: t2 | P1: a1 | Q1: a2 | R1: a3t | S1: a3c | T1: a4t | U1: a4c | V1: Rvk
F2: external d. | G2: center hole | H2: Teeth | I2: Total | J2: thickness
A3: EN 912 | B3: C1 | C3: 2 | D3: Round double sided | E3: 2 | F3: 50 | G3: 17 | H3: 6 | I3: 13 | J3: 1 | N3: 18 | O3: 30 | P3: 75 | Q3: 60 | R3: 75 | S3: 75 | T3: 40 | U3: 30 | V3: 6.3 | W3: SIMPSON
A4: EN 912 | B4: C1 | C4: 2 | D4: Round double sided | E4: 2 | F4: 62 | G4: 21 | H4: 7.4 | I4: 16 | J4: 1.2 | N4: 23 | O4: 37 | P4: 93 | Q4: 75 | R4: 93 | S4: 93 | T4: 50 | U4: 38 | V4: 8.7 | W4: SIMPSON
A5: EN 912 | B5: C1 | C5: 2 | D5: Round double sided | E5: 2 | F5: 75 | G5: 26 | H5: 9.1 | I5: 19.5 | J5: 1.3 | N5: 28 | O5: 46 | P5: 113 | Q5: 90 | R5: 113 | S5: 113 | T5: 60 | U5: 45 | V5: 11.6 | W5: SIMPSON
A6: EN 912 | B6: C1 | C6: 2 | D6: Round double sided | E6: 2 | F6: 95 | G6: 33 | H6: 11.3 | I6: 24 | J6: 1.4 | N6: 34 | O6: 57 | P6: 143 | Q6: 114 | R6: 143 | S6: 143 | T6: 76 | U6: 57 | V6: 16.6 | W6: SIMPSON
A7: EN 912 | B7: C1 | C7: 2 | D7: Round double sided | E7: 2 | F7: 117 | G7: 48 | H7: 14.3 | I7: 30 | J7: 1.5 | N7: 43 | O7: 72 | P7: 176 | Q7: 141 | R7: 176 | S7: 176 | T7: 94 | U7: 71 | V7: 22.7 | W7: SIMPSON
A8: EN 912 | B8: C1 | C8: 2 | D8: Round double sided | E8: 2 | F8: 140 | G8: 60 | H8: 14.5 | I8: 31 | J8: 2 | N8: 44 | O8: 73 | P8: 210 | Q8: 168 | R8: 210 | S8: 210 | T8: 112 | U8: 84 | V8: 29.8 | W8: SIMPSON
A9: EN 912 | B9: C1 | C9: 2 | D9: Round double sided | E9: 2 | F9: 165 | G9: 70 | H9: 15.5 | I9: 33 | J9: 2 | N9: 47 | O9: 78 | P9: 248 | Q9: 198 | R9: 248 | S9: 248 | T9: 132 | U9: 99 | V9: 38.1 | W9: SIMPSON
A10: EN 912 | B10: C2 | C10: 1 | D10: Round single sided | E10: 2 | F10: 50 | G10: 10.4 | H10: 5.6 | I10: 6.6 | J10: 1 | N10: 17 | O10: 28 | P10: 75 | Q10: 60 | R10: 75 | S10: 75 | T10: 40 | U10: 30 | V10: 6.4 | W10: SIMPSON
A11: EN 912 | B11: C2 | C11: 1 | D11: Round single sided | E11: 2 | F11: 50 | G11: 12.4 | H11: 5.6 | I11: 6.6 | J11: 1 | N11: 17 | O11: 28 | P11: 75 | Q11: 60 | R11: 75 | S11: 75 | T11: 40 | U11: 30 | V11: 6.4 | W11: SIMPSON
A12: EN 912 | B12: C2 | C12: 1 | D12: Round single sided | E12: 2 | F12: 50 | G12: 16.4 | H12: 5.6 | I12: 6.6 | J12: 1 | N12: 17 | O12: 28 | P12: 75 | Q12: 60 | R12: 75 | S12: 75 | T12: 40 | U12: 30 | V12: 6.4 | W12: SIMPSON
A13: EN 912 | B13: C2 | C13: 1 | D13: Round single sided | E13: 2 | F13: 50 | G13: 20.4 | H13: 5.6 | I13: 6.6 | J13: 1 | N13: 17 | O13: 28 | P13: 75 | Q13: 60 | R13: 75 | S13: 75 | T13: 40 | U13: 30 | V13: 6.4 | W13: SIMPSON
A14: EN 912 | B14: C2 | C14: 1 | D14: Round single sided | E14: 2 | F14: 62 | G14: 12.4 | H14: 7.5 | I14: 8.7 | J14: 1.2 | N14: 23 | O14: 38 | P14: 93 | Q14: 75 | R14: 93 | S14: 93 | T14: 50 | U14: 38 | V14: 8.8 | W14: SIMPSON
... A31: EN 912 | B31: C2 | C31: 1 | D31: Round single sided | E31: 2 | F31: 117 | G31: 24.4 | H31: 14.5 | I31: 16 | J31: 1.5 | N31: 44 | O31: 73 | P31: 176 | Q31: 141 | R31: 176 | S31: 176 | T31: 94 | U31: 71 | V31: 22.8 | W31: SIMPSON
A32: EN 912 | B32: C3 | C32: 2 | D32: Oval double sided | E32: 2 | F32: =SQRT(L32*M32) -> 97.416631 | G32: 26 | H32: 13.3 | I32: 28 | J32: 1.5 | K32: 16 | L32: 73 | M32: 130 | N32: 40 | O32: 67 | P32: 146 | Q32: 117 | R32: 146 | S32: 146 | T32: 78 | U32: 59 | V32: 17.1 | W32: SIMPSON
A33: EN 912 | B33: C4 | C33: 1 | D33: Oval single sided | E33: 2 | F33: =SQRT(L33*M33) -> 97.416631 | G33: 16.4 | H33: 13.3 | I33: 14.8 | J33: 1.5 | K33: 16 | L33: 73 | M33: 130 | N33: 40 | O33: 67 | P33: 146 | Q33: 117 | R33: 146 | S33: 146 | T33: 78 | U33: 59 | V33: 17.3 | W33: SIMPSON
A34: EN 912 | B34: C4 | C34: 1 | D34: Oval single sided | E34: 2 | F34: =SQRT(L34*M34) -> 97.416631 | G34: 20.4 | H34: 13.3 | I34: 14.8 | J34: 1.5 | K34: 16 | L34: 73 | M34: 130 | N34: 40 | O34: 67 | P34: 146 | Q34: 117 | R34: 146 | S34: 146 | T34: 78 | U34: 59 | V34: 17.3 | W34: SIMPSON
A35: EN 912 | B35: C4 | C35: 1 | D35: Oval single sided | E35: 2 | F35: =SQRT(L35*M35) -> 97.416631 | G35: 22.4 | H35: 13.3 | I35: 14.8 | J35: 1.5 | K35: 16 | L35: 73 | M35: 130 | N35: 40 | O35: 67 | P35: 146 | Q35: 117 | R35: 146 | S35: 146 | T35: 78 | U35: 59 | V35: 17.3 | W35: SIMPSON
A36: EN 912 | B36: C4 | C36: 1 | D36: Oval single sided | E36: 2 | F36: =SQRT(L36*M36) -> 97.416631 | G36: 24.4 | H36: 13.3 | I36: 14.8 | J36: 1.5 | K36: 16 | L36: 73 | M36: 130 | N36: 40 | O36: 67 | P36: 146 | Q36: 117 | R36: 146 | S36: 146 | T36: 78 | U36: 59 | V36: 17.3 | W36: SIMPSON
A37: EN 912 | B37: C5 | C37: 2 | D37: Square double sided | E37: 2 | F37: 100 | G37: 40 | H37: 7.3 | I37: 16 | J37: 1.4 | N37: 22 | O37: 37 | P37: 150 | Q37: 120 | R37: 150 | S37: 150 | T37: 80 | U37: 60 | V37: 18 | W37: SIMPSON
A38: EN 912 | B38: C5 | C38: 2 | D38: Square double sided | E38: 2 | F38: 130 | G38: 52 | H38: 9.3 | I38: 20 | J38: 1.5 | N38: 28 | O38: 47 | P38: 195 | Q38: 156 | R38: 195 | S38: 195 | T38: 104 | U38: 78 | V38: 26.6 | W38: SIMPSON
A39: EN 912 | B39: C6 | C39: 2 | D39: Round double sided | E39: 2 | F39: 38 | G39: 10.5 | I39: 12 | J39: 0.9 | P39: 57 | Q39: 51 | R39: 83 | S39: 83 | T39: 25 | U39: 25
A40: EN 912 | B40: C6 | C40: 2 | D40: Round double sided | E40: 2 | F40: 38 | G40: 14.5 | I40: 12 | J40: 0.9 | P40: 57 | Q40: 51 | R40: 83 | S40: 83 | T40: 25 | U40: 25
A41: EN 912 | B41: C6 | C41: 2 | D41: Round double sided | E41: 2 | F41: 50 | G41: 12.5 | I41: 15 | J41: 0.9 | P41: 76 | Q41: 64 | R41: 89 | S41: 89 | T41: 32 | U41: 32
A42: EN 912 | B42: C6 | C42: 2 | D42: Round double sided | E42: 2 | F42: 50 | G42: 14.5 | I42: 15 | J42: 0.9 | P42: 76 | Q42: 64 | R42: 89 | S42: 89 | T42: 32 | U42: 32
A43: EN 912 | B43: C6 | C43: 2 | D43: Round double sided | E43: 2 | F43: 63 | G43: 12.5 | I43: 18.5 | J43: 1.2 | P43: 95 | Q43: 76 | R43: 95 | S43: 95 | T43: 37 | U43: 37
A44: EN 912 | B44: C6 | C44: 2 | D44: Round double sided | E44: 2 | F44: 63 | G44: 14.5 | I44: 18.5 | J44: 1.2 | P44: 95 | Q44: 76 | R44: 95 | S44: 95 | T44: 37 | U44: 37
A45: EN 912 | B45: C6 | C45: 2 | D45: Round double sided | E45: 2 | F45: 75 | G45: 12.5 | I45: 20.5 | J45: 1.2 | P45: 114 | Q45: 89 | R45: 102 | S45: 102 | T45: 44 | U45: 44
A46: EN 912 | B46: C6 | C46: 2 | D46: Round double sided | E46: 2 | F46: 75 | G46: 14.5 | I46: 20.5 | J46: 1.2 | P46: 114 | Q46: 89 | R46: 102 | S46: 102 | T46: 44 | U46: 44
A47: EN 912 | B47: C7 | C47: 1 | D47: Round single sided | E47: 2 | F47: 38 | G47: 10.5 | I47: 6.5 | J47: 0.9 | P47: 57 | Q47: 51 | R47: 83 | S47: 83 | T47: 25 | U47: 25
A48: EN 912 | B48: C7 | C48: 1 | D48: Round single sided | E48: 2 | F48: 38 | G48: 14.5 | I48: 6.5 | J48: 0.9 | P48: 57 | Q48: 51 | R48: 83 | S48: 83 | T48: 25 | U48: 25
A49: EN 912 | B49: C7 | C49: 1 | D49: Round single sided | E49: 2 | F49: 50 | G49: 12.5 | I49: 8 | J49: 0.9 | P49: 76 | Q49: 64 | R49: 89 | S49: 89 | T49: 32 | U49: 32
A50: EN 912 | B50: C7 | C50: 1 | D50: Round single sided | E50: 2 | F50: 50 | G50: 14.5 | I50: 8 | J50: 0.9 | P50: 76 | Q50: 64 | R50: 89 | S50: 89 | T50: 32 | U50: 32
... A54: EN 912 | B54: C7 | C54: 1 | D54: Round single sided | E54: 2 | F54: 75 | G54: 14.5 | I54: 10.5 | J54: 1.2 | P54: 114 | Q54: 89 | R54: 102 | S54: 102 | T54: 44 | U54: 44
A55: EN 912 | B55: C8 | C55: 1 | D55: Rectangular double sided | E55: 2 | F55: 38 | G55: 10.5 | I55: 12 | J55: 1.2
A56: EN 912 | B56: C8 | C56: 1 | D56: Rectangular double sided | E56: 2 | F56: 38 | G56: 14.5 | I56: 12 | J56: 1.2
A57: EN 912 | B57: C8 | C57: 1 | D57: Rectangular double sided | E57: 2 | F57: 50 | G57: 12.5 | I57: 14 | J57: 1.2
A58: EN 912 | B58: C8 | C58: 1 | D58: Rectangular double sided | E58: 2 | F58: 50 | G58: 14.5 | I58: 14 | J58: 1.2
A59: EN 912 | B59: C8 | C59: 1 | D59: Rectangular double sided | E59: 2 | F59: 63 | G59: 12.5 | I59: 17 | J59: 1.2
A60: EN 912 | B60: C8 | C60: 1 | D60: Rectangular double sided | E60: 2 | F60: 63 | G60: 14.5 | I60: 17 | J60: 1.2
A61: EN 912 | B61: C8 | C61: 1 | D61: Rectangular double sided | E61: 2 | F61: 75 | G61: 12.5 | I61: 20 | J61: 1.6
A62: EN 912 | B62: C8 | C62: 1 | D62: Rectangular double sided | E62: 2 | F62: 75 | G62: 14.5 | I62: 20 | J62: 1.6
A63: EN 912 | B63: C9 | C63: 1 | D63: Rectangular single sided | E63: 2 | F63: 38 | G63: 10.5 | I63: 7 | J63: 1.2
A64: EN 912 | B64: C9 | C64: 1 | D64: Rectangular single sided | E64: 2 | F64: 38 | G64: 14.5 | I64: 7 | J64: 1.2
A65: EN 912 | B65: C9 | C65: 1 | D65: Rectangular single sided | E65: 2 | F65: 50 | G65: 12.5 | I65: 8 | J65: 1.2
A66: EN 912 | B66: C9 | C66: 1 | D66: Rectangular single sided | E66: 2 | F66: 50 | G66: 14.5 | I66: 8 | J66: 1.2
... A79: EN 912 | B79: C11 | C79: 1 | D79: Round single sided | E79: 2 | F79: 95 | G79: 24.5 | I79: 15 | J79: 3
